key,dataset,model_seed,method,bits,packed_bytes,packed_sha256,prediction_sha256,checkpoint_sha256,test_sha256,acc,auc,f1_macro
bloodmnist_123_archive_fp32_32,bloodmnist,123,archive_fp32,32,0,,3fc2652645755c9788ca1c3c2a84641a24a7a9f2df4268040c298312c5772062,a2eb1735919b91cca90a8b2da61d6f16842bce86af0e7223f596602dbcf2ecf2,9aca213147ae7ac95958624f99fd21ed918d86f006f2fcaf0de289bf2d174774,0.9693072201110786,0.9985268913618042,0.9686100747357658
bloodmnist_123_saved_fp32_32,bloodmnist,123,saved_fp32,32,6183965,7b952198d8d3d43dbb1607b1dadfd2db57cfc820441a6c40dd706cc25505ddfd,3fc2652645755c9788ca1c3c2a84641a24a7a9f2df4268040c298312c5772062,a2eb1735919b91cca90a8b2da61d6f16842bce86af0e7223f596602dbcf2ecf2,9aca213147ae7ac95958624f99fd21ed918d86f006f2fcaf0de289bf2d174774,0.9693072201110786,0.9985268913618042,0.9686100747357658
bloodmnist_123_archive_fp16_16,bloodmnist,123,archive_fp16,16,0,,4cc6befe9292ea278310f96f7d07fc7389a804cfee254a6e08a5e1aca32bf7b1,a2eb1735919b91cca90a8b2da61d6f16842bce86af0e7223f596602dbcf2ecf2,9aca213147ae7ac95958624f99fd21ed918d86f006f2fcaf0de289bf2d174774,0.9693072201110786,0.9985288608086765,0.9686100747357658
bloodmnist_123_saved_fp16_16,bloodmnist,123,saved_fp16,16,3131772,33c9a0d9f9ec6ad634631dd9566b9b3a25bcde28e12af90c84623c1062f8ac0a,8c7d96a1075b82b64e99ec3dc783e68187afe5adc2254ace000f620d6c5ffc33,a2eb1735919b91cca90a8b2da61d6f16842bce86af0e7223f596602dbcf2ecf2,9aca213147ae7ac95958624f99fd21ed918d86f006f2fcaf0de289bf2d174774,0.9693072201110786,0.9985288236228116,0.9686100747357658
bloodmnist_123_archive_int8_minmax_8,bloodmnist,123,archive_int8_minmax,8,0,,d2d17ac98d87ce06be6ea4e557c08416928a8f53102e7a53a30b8e0ce6f22048,a2eb1735919b91cca90a8b2da61d6f16842bce86af0e7223f596602dbcf2ecf2,9aca213147ae7ac95958624f99fd21ed918d86f006f2fcaf0de289bf2d174774,0.9687225957322421,0.9984182317697163,0.9677014965630824
bloodmnist_123_saved_int8_minmax_8,bloodmnist,123,saved_int8_minmax,8,1646452,a859108b4e0c12623222c322af7338ed7f70945929cb26c7cb9079e1b6939d07,5ba7c660afcad3c40c7b6ff9bc4cddd0785b98d20c4286f628257c51e62a07d2,a2eb1735919b91cca90a8b2da61d6f16842bce86af0e7223f596602dbcf2ecf2,9aca213147ae7ac95958624f99fd21ed918d86f006f2fcaf0de289bf2d174774,0.9684302835428238,0.9984197715765986,0.9672416365900167
bloodmnist_123_archive_uniform_full_2,bloodmnist,123,archive_uniform_full,2,0,,4973c64a40f05529b89105abe7cd25be1cc1fcc71999b6e6b61cffcb790ccb3e,a2eb1735919b91cca90a8b2da61d6f16842bce86af0e7223f596602dbcf2ecf2,9aca213147ae7ac95958624f99fd21ed918d86f006f2fcaf0de289bf2d174774,0.16807950891552179,0.5011899691391284,0.10285396257454008
bloodmnist_123_saved_uniform_full_2,bloodmnist,123,saved_uniform_full,2,520693,49e7e09c137a3e3e2bf6d2993700c32d7944c0de851416906bfc8e1b8263fadd,5403eca526837842c646dc520599974603b57f0c485c51a064174fd7edcd3def,a2eb1735919b91cca90a8b2da61d6f16842bce86af0e7223f596602dbcf2ecf2,9aca213147ae7ac95958624f99fd21ed918d86f006f2fcaf0de289bf2d174774,0.1657410114001754,0.4995287395030108,0.10013554410899564
bloodmnist_123_archive_rotated_normal_codebook_2,bloodmnist,123,archive_rotated_normal_codebook,2,0,,173726b09a2f0f40f2a0da4644436654a37c34f0488674df78d1eb71f60fdd9f,a2eb1735919b91cca90a8b2da61d6f16842bce86af0e7223f596602dbcf2ecf2,9aca213147ae7ac95958624f99fd21ed918d86f006f2fcaf0de289bf2d174774,0.07132417421806489,0.42887684029768897,0.016643929058663028
bloodmnist_123_saved_rotated_normal_codebook_2,bloodmnist,123,saved_rotated_normal_codebook,2,521629,c506629f6bbacd1b1fe2b469f49a0804cd72cbee036884ebefab1639d64bba23,ec8411a72f3bfd2f399c36b004ff88deb7ae6f2e3078e7af760521424b98307e,a2eb1735919b91cca90a8b2da61d6f16842bce86af0e7223f596602dbcf2ecf2,9aca213147ae7ac95958624f99fd21ed918d86f006f2fcaf0de289bf2d174774,0.07132417421806489,0.4294637183476158,0.016643929058663028
bloodmnist_123_archive_uniform_full_3,bloodmnist,123,archive_uniform_full,3,0,,d3e74bc9f1d41a66525bd43b0546b19966c159281268a09582f0ec5c6ba475f1,a2eb1735919b91cca90a8b2da61d6f16842bce86af0e7223f596602dbcf2ecf2,9aca213147ae7ac95958624f99fd21ed918d86f006f2fcaf0de289bf2d174774,0.19175679625840397,0.5255704566856363,0.11503874871001459
bloodmnist_123_saved_uniform_full_3,bloodmnist,123,saved_uniform_full,3,708360,b64f2ef2598cbf341183d5dfe13ce5dec64c4a1c403d46612ad57ea787c5a750,185df41aa9f1aaeec604c57baff76831564383c82e7fabef16233a361ebf9b17,a2eb1735919b91cca90a8b2da61d6f16842bce86af0e7223f596602dbcf2ecf2,9aca213147ae7ac95958624f99fd21ed918d86f006f2fcaf0de289bf2d174774,0.18766442560654778,0.5237962840222556,0.11219318423831523
bloodmnist_123_archive_rotated_normal_codebook_3,bloodmnist,123,archive_rotated_normal_codebook,3,0,,ce30591f8ff10532baae82d4afb01c1d81ae77773e70fd698ae67382f76df562,a2eb1735919b91cca90a8b2da61d6f16842bce86af0e7223f596602dbcf2ecf2,9aca213147ae7ac95958624f99fd21ed918d86f006f2fcaf0de289bf2d174774,0.07132417421806489,0.5717363037633533,0.017681159420289853
bloodmnist_123_saved_rotated_normal_codebook_3,bloodmnist,123,saved_rotated_normal_codebook,3,709295,34b508565dd7fd7572ec880a36cd5b18e3103af7fe8139896dca0d032ae69ad0,64ca3d810b794ebcf814497bb6a5a598888f2e2fa23d44db3ed9addff158795c,a2eb1735919b91cca90a8b2da61d6f16842bce86af0e7223f596602dbcf2ecf2,9aca213147ae7ac95958624f99fd21ed918d86f006f2fcaf0de289bf2d174774,0.07132417421806489,0.5714254588764999,0.017645357246167198
bloodmnist_123_archive_uniform_full_4,bloodmnist,123,archive_uniform_full,4,0,,937dc220ca1bc0c16a25f71f3d0b874570dbd3b477120c70ea835818406280da,a2eb1735919b91cca90a8b2da61d6f16842bce86af0e7223f596602dbcf2ecf2,9aca213147ae7ac95958624f99fd21ed918d86f006f2fcaf0de289bf2d174774,0.3341128325051155,0.751756515767185,0.2910779512498993
bloodmnist_123_saved_uniform_full_4,bloodmnist,123,saved_uniform_full,4,896032,affb36157c07e10581036a25900a852839c4b7d09e227aba763b47f20bb2a2f6,3b339f9aef97204fe55543fad1e29e82e2e4af5d7ac76e930a479c4c5b1db83b,a2eb1735919b91cca90a8b2da61d6f16842bce86af0e7223f596602dbcf2ecf2,9aca213147ae7ac95958624f99fd21ed918d86f006f2fcaf0de289bf2d174774,0.33352820812627887,0.7512151351620464,0.29031578714006173
bloodmnist_123_archive_rotated_uniform_4,bloodmnist,123,archive_rotated_uniform,4,0,,40bcbe606314a518abbc8681871fbe4e869b6678abd3ed75755eb7779a413b53,a2eb1735919b91cca90a8b2da61d6f16842bce86af0e7223f596602dbcf2ecf2,9aca213147ae7ac95958624f99fd21ed918d86f006f2fcaf0de289bf2d174774,0.5121309558608594,0.8516108484967863,0.4032036494144208
bloodmnist_123_saved_rotated_uniform_4,bloodmnist,123,saved_rotated_uniform,4,896008,0d0f32b2a983f079de39f0bbef13f59b892616919186950d95b7f2072c8a40aa,6df6808b5c0ae1fefc315c8cc9874b75ed2afdc9a54976791c6ab82da30c06c1,a2eb1735919b91cca90a8b2da61d6f16842bce86af0e7223f596602dbcf2ecf2,9aca213147ae7ac95958624f99fd21ed918d86f006f2fcaf0de289bf2d174774,0.5121309558608594,0.8515654391447716,0.402510201669363
bloodmnist_123_archive_normal_codebook_4,bloodmnist,123,archive_normal_codebook,4,0,,4145f89963a6b8f463436cb0fca747fb339bb4eadc0dd3a1d205e5b4c82541fa,a2eb1735919b91cca90a8b2da61d6f16842bce86af0e7223f596602dbcf2ecf2,9aca213147ae7ac95958624f99fd21ed918d86f006f2fcaf0de289bf2d174774,0.13621748026892722,0.5470678022329417,0.030002575328354365
bloodmnist_123_saved_normal_codebook_4,bloodmnist,123,saved_normal_codebook,4,896984,5b062bfa0b33339058259bb596195d0893ecc11f679f314f5bddcd367d2d2f80,d6b8c1667ce63d965959902512fa8e362539f9c5c4807d6ebfe8ac3c7ca62e7c,a2eb1735919b91cca90a8b2da61d6f16842bce86af0e7223f596602dbcf2ecf2,9aca213147ae7ac95958624f99fd21ed918d86f006f2fcaf0de289bf2d174774,0.13621748026892722,0.5473265163094189,0.030002575328354365
bloodmnist_123_archive_rotated_normal_codebook_4,bloodmnist,123,archive_rotated_normal_codebook,4,0,,06c1c9e2102451b151499bcbd777ad0b8543f607dfe91260409bea23ed8ef761,a2eb1735919b91cca90a8b2da61d6f16842bce86af0e7223f596602dbcf2ecf2,9aca213147ae7ac95958624f99fd21ed918d86f006f2fcaf0de289bf2d174774,0.24612686349020754,0.7760850515391553,0.0970531007860793
bloodmnist_123_saved_rotated_normal_codebook_4,bloodmnist,123,saved_rotated_normal_codebook,4,896965,bb9e45b36e0e96221f202fb1380928a552c251b5e779400c5ce2d51711713c7f,a2c80b310b468b2329d18255b52d82b2bbfda1fb6e8e9668828993b089e5f0ca,a2eb1735919b91cca90a8b2da61d6f16842bce86af0e7223f596602dbcf2ecf2,9aca213147ae7ac95958624f99fd21ed918d86f006f2fcaf0de289bf2d174774,0.24700380005846242,0.7759852584683624,0.09746048683920622
bloodmnist_123_folded_fp32_32,bloodmnist,123,folded_fp32,32,0,,69e170e7b76e40e313628186d83c632a558f976ff72f0987f85ab803df52aaf7,a2eb1735919b91cca90a8b2da61d6f16842bce86af0e7223f596602dbcf2ecf2,9aca213147ae7ac95958624f99fd21ed918d86f006f2fcaf0de289bf2d174774,0.9693072201110786,0.9985268913618042,0.9686100747357658
bloodmnist_123_folded_uniform_2,bloodmnist,123,folded_uniform,2,442704,49304cc6d712ba63f415837cce09d0062144ad80471f4f79cf0451d1ac9aa025,4a766716bddcbf868979d3175f5e33d33c0f2feb062498bd0783b51da5f73888,a2eb1735919b91cca90a8b2da61d6f16842bce86af0e7223f596602dbcf2ecf2,9aca213147ae7ac95958624f99fd21ed918d86f006f2fcaf0de289bf2d174774,0.17100263080970476,0.5025162565584722,0.10481936937867475
bloodmnist_123_folded_uniform_3,bloodmnist,123,folded_uniform,3,630351,67a8fe6d91f5eec77297b9678406d1f179ae1869c1f3ec04e451df4b62be8a4f,b18ba0a2f8a183af99c15cc78a2938c873b529ebb94d0150d503c8b52c249c63,a2eb1735919b91cca90a8b2da61d6f16842bce86af0e7223f596602dbcf2ecf2,9aca213147ae7ac95958624f99fd21ed918d86f006f2fcaf0de289bf2d174774,0.19204910844782228,0.5264356919993016,0.1149687088932077
bloodmnist_123_folded_uniform_4,bloodmnist,123,folded_uniform,4,818003,5f1a2bf621b074cb9415acc4efd88367b9949ad27bdfa4ff8e6590ae017c23ac,fc380b9c3896c5ed6e1fbc2d77779ad157c3d25d14fc92f0d11008a34e99aa5e,a2eb1735919b91cca90a8b2da61d6f16842bce86af0e7223f596602dbcf2ecf2,9aca213147ae7ac95958624f99fd21ed918d86f006f2fcaf0de289bf2d174774,0.33440514469453375,0.7516119107671617,0.2918887892238275
bloodmnist_123_folded_uniform_8,bloodmnist,123,folded_uniform,8,1568412,eed20dd132bef13bf29aae72e81ba76f20c6a3b131724d4678bff9d56d587783,29662a35ab4ff6af54f4ec5b945df619285a7bb47d1c9770e0bf216b72c66896,a2eb1735919b91cca90a8b2da61d6f16842bce86af0e7223f596602dbcf2ecf2,9aca213147ae7ac95958624f99fd21ed918d86f006f2fcaf0de289bf2d174774,0.9681379713534054,0.9984130675965428,0.9669240538949584
bloodmnist_123_cle_fp32_32,bloodmnist,123,cle_fp32,32,0,,b73972cf6359a0301c1d2e0897efc4847fd4dea1f65ae8a3d00157d9a7c261f5,a2eb1735919b91cca90a8b2da61d6f16842bce86af0e7223f596602dbcf2ecf2,9aca213147ae7ac95958624f99fd21ed918d86f006f2fcaf0de289bf2d174774,0.9693072201110786,0.9985268913618042,0.9686100747357658
bloodmnist_123_dfq_cle_bc_2,bloodmnist,123,dfq_cle_bc,2,442705,8cf42725940fdc7ce799b54a5d03e66f04467b4bb826f27bdee66917c35601fd,76dad5694cdd17ce52737e486a23a3912b1906d1eef0c5759fa8b9538eebd16a,a2eb1735919b91cca90a8b2da61d6f16842bce86af0e7223f596602dbcf2ecf2,9aca213147ae7ac95958624f99fd21ed918d86f006f2fcaf0de289bf2d174774,0.1435252850043847,0.4976636146057035,0.09252906138707519
bloodmnist_123_dfq_cle_bc_3,bloodmnist,123,dfq_cle_bc,3,630351,f2fefdfec18cfad9a5b7fc222002e39c9287d82891ca8f926312f8db4d2d3c57,8ab8169ddf3962aee1f260780fa6e6b9f3c4f3f9701fe49edad05fab48679f89,a2eb1735919b91cca90a8b2da61d6f16842bce86af0e7223f596602dbcf2ecf2,9aca213147ae7ac95958624f99fd21ed918d86f006f2fcaf0de289bf2d174774,0.14323297281496639,0.49604116985075264,0.08569086156463718
bloodmnist_123_dfq_cle_bc_4,bloodmnist,123,dfq_cle_bc,4,818003,719f294969dea6a50d3e839c019d8fbd09e52aa8522bdc6a8d320c4a6ac2c900,fc86fa9c4ee020050de45bce7970f108c4e7d5b78635fd9079d10ba71483dac3,a2eb1735919b91cca90a8b2da61d6f16842bce86af0e7223f596602dbcf2ecf2,9aca213147ae7ac95958624f99fd21ed918d86f006f2fcaf0de289bf2d174774,0.4890382928968138,0.8028952376267282,0.4224368420935367
bloodmnist_123_dfq_cle_bc_8,bloodmnist,123,dfq_cle_bc,8,1568412,fac51d64783c32325d91708cf2fe298f788098bc932ccc57aa4df440ce67599a,86f2bbd18429c12a4b5311717e9f09015361c3c544a84dd7b6afd9414c4b7506,a2eb1735919b91cca90a8b2da61d6f16842bce86af0e7223f596602dbcf2ecf2,9aca213147ae7ac95958624f99fd21ed918d86f006f2fcaf0de289bf2d174774,0.9675533469745689,0.9984024970499433,0.9664461942133152
bloodmnist_42_archive_fp32_32,bloodmnist,42,archive_fp32,32,0,,d29d006dd4e5a4e61ef01f03fd379ad8fc1875527dc348549aa8c69d331401c2,04c75852b757e0d5f18de7b0122abca3f7c5430f886a5f45c3268849a8810a9f,9aca213147ae7ac95958624f99fd21ed918d86f006f2fcaf0de289bf2d174774,0.9693072201110786,0.9982451970807771,0.9678790855453553
bloodmnist_42_saved_fp32_32,bloodmnist,42,saved_fp32,32,6183965,4d266b267ddb06191bb1d920656ae374b8d9ba4716cb69c0382de5de9e2103c0,d29d006dd4e5a4e61ef01f03fd379ad8fc1875527dc348549aa8c69d331401c2,04c75852b757e0d5f18de7b0122abca3f7c5430f886a5f45c3268849a8810a9f,9aca213147ae7ac95958624f99fd21ed918d86f006f2fcaf0de289bf2d174774,0.9693072201110786,0.9982451970807771,0.9678790855453553
bloodmnist_42_archive_fp16_16,bloodmnist,42,archive_fp16,16,0,,607d42e0705b1bc9a561fb25155c77a04735f1b1f54a6e1c2389f953b5c2a4a0,04c75852b757e0d5f18de7b0122abca3f7c5430f886a5f45c3268849a8810a9f,9aca213147ae7ac95958624f99fd21ed918d86f006f2fcaf0de289bf2d174774,0.9695995323004969,0.9982435499887944,0.9683279250129713
bloodmnist_42_saved_fp16_16,bloodmnist,42,saved_fp16,16,3131772,4f4b7742b5575a51af0dc4109a090cee6d417212d4c559502b6e1f297944bd09,b44913e8536d13dd396d4faf7cca02ba8cc5a3587d32c597137f404feed4143d,04c75852b757e0d5f18de7b0122abca3f7c5430f886a5f45c3268849a8810a9f,9aca213147ae7ac95958624f99fd21ed918d86f006f2fcaf0de289bf2d174774,0.9701841566793336,0.9982456850137185,0.9687210342059036
bloodmnist_42_archive_int8_minmax_8,bloodmnist,42,archive_int8_minmax,8,0,,0c42cad9ea7423f329d3dd1a8e42a4cd4e353ad4bfb02b43b4999ebfbbc0b968,04c75852b757e0d5f18de7b0122abca3f7c5430f886a5f45c3268849a8810a9f,9aca213147ae7ac95958624f99fd21ed918d86f006f2fcaf0de289bf2d174774,0.9684302835428238,0.9982199990403152,0.9670237786104101
bloodmnist_42_saved_int8_minmax_8,bloodmnist,42,saved_int8_minmax,8,1646452,124c7f54970dcb0db4e270784bcc12282f88c4d9ea0c782f67c608424f700eb0,f95cba0681540a1f8df1e5bdc014d04f0a9a3f3c8237caf1bfdf6627ba8d04ac,04c75852b757e0d5f18de7b0122abca3f7c5430f886a5f45c3268849a8810a9f,9aca213147ae7ac95958624f99fd21ed918d86f006f2fcaf0de289bf2d174774,0.9687225957322421,0.9982250240293399,0.9673896552823805
bloodmnist_42_archive_uniform_full_2,bloodmnist,42,archive_uniform_full,2,0,,f4726cc8e35a0f6e8fc6200572c461c5c5bb34edd00ee7fca645a0271fbf532b,04c75852b757e0d5f18de7b0122abca3f7c5430f886a5f45c3268849a8810a9f,9aca213147ae7ac95958624f99fd21ed918d86f006f2fcaf0de289bf2d174774,0.1832797427652733,0.506314625816928,0.10739840422732028
bloodmnist_42_saved_uniform_full_2,bloodmnist,42,saved_uniform_full,2,520693,b0d6ac2396d978bd9b8bdd84ff16567b02fe192db9392a49881926959b76d9b5,d667b71d25ab8ea56e88c8b821505a99c8b7513a05a828f706a0b2e7e5507d47,04c75852b757e0d5f18de7b0122abca3f7c5430f886a5f45c3268849a8810a9f,9aca213147ae7ac95958624f99fd21ed918d86f006f2fcaf0de289bf2d174774,0.182987430575855,0.5064306385773113,0.10859006651853655
bloodmnist_42_archive_rotated_normal_codebook_2,bloodmnist,42,archive_rotated_normal_codebook,2,0,,a5c6b8d81df789f9ac115cdc4b27c6d26b8eb138ab48f48fb290f723b9f2e9b5,04c75852b757e0d5f18de7b0122abca3f7c5430f886a5f45c3268849a8810a9f,9aca213147ae7ac95958624f99fd21ed918d86f006f2fcaf0de289bf2d174774,0.1373867290266004,0.5479710401407931,0.030197892572603444
bloodmnist_42_saved_rotated_normal_codebook_2,bloodmnist,42,saved_rotated_normal_codebook,2,521629,78e10a30b3784c8eac4ec947af472def6724b345489939bae4b02effee903c26,9eaeb9e5edbe48c06e68bb6136f663d1a3d336c27de4b10d643ccc5aedaa7a70,04c75852b757e0d5f18de7b0122abca3f7c5430f886a5f45c3268849a8810a9f,9aca213147ae7ac95958624f99fd21ed918d86f006f2fcaf0de289bf2d174774,0.1373867290266004,0.5479522246186752,0.030197892572603444
bloodmnist_42_archive_uniform_full_3,bloodmnist,42,archive_uniform_full,3,0,,2aab45d5d25821d31a85444d33c4d0696aacf50dd6492b77449d413de82bd405,04c75852b757e0d5f18de7b0122abca3f7c5430f886a5f45c3268849a8810a9f,9aca213147ae7ac95958624f99fd21ed918d86f006f2fcaf0de289bf2d174774,0.1581408944752996,0.5272253702030747,0.1131348671904733
bloodmnist_42_saved_uniform_full_3,bloodmnist,42,saved_uniform_full,3,708360,87eac317cbf3ddde4df1675d620a0c709d368383f1e2fd2cd20c6776815f8976,6677d6704c1fa05c2ec28f31b82a8604e9b33f0229752f449f9a9777219e2599,04c75852b757e0d5f18de7b0122abca3f7c5430f886a5f45c3268849a8810a9f,9aca213147ae7ac95958624f99fd21ed918d86f006f2fcaf0de289bf2d174774,0.16135632855890092,0.525928397151737,0.11655923291241962
bloodmnist_42_archive_rotated_normal_codebook_3,bloodmnist,42,archive_rotated_normal_codebook,3,0,,9e4c36f6683117d17e3fac64f6509d172f094bf37043768a10e875fd84a41083,04c75852b757e0d5f18de7b0122abca3f7c5430f886a5f45c3268849a8810a9f,9aca213147ae7ac95958624f99fd21ed918d86f006f2fcaf0de289bf2d174774,0.1373867290266004,0.5953409129939344,0.030197892572603444
bloodmnist_42_saved_rotated_normal_codebook_3,bloodmnist,42,saved_rotated_normal_codebook,3,709295,d7938d9ff181615ae75bc8281fe1a2faa65edc3a9c3cb2bccff5ea99bdf5ec8d,9556eafc890f03cc34da0cfb78c33509ce0382cd7ddf271c8d0888a9cdad91ca,04c75852b757e0d5f18de7b0122abca3f7c5430f886a5f45c3268849a8810a9f,9aca213147ae7ac95958624f99fd21ed918d86f006f2fcaf0de289bf2d174774,0.1373867290266004,0.5944668708624543,0.030197892572603444
bloodmnist_42_archive_uniform_full_4,bloodmnist,42,archive_uniform_full,4,0,,0e37dad4b03f398f176945d486589ad305875675c91b8c1e351361c4ebeed114,04c75852b757e0d5f18de7b0122abca3f7c5430f886a5f45c3268849a8810a9f,9aca213147ae7ac95958624f99fd21ed918d86f006f2fcaf0de289bf2d174774,0.467699503069278,0.7880191148585913,0.4017803215050198
bloodmnist_42_saved_uniform_full_4,bloodmnist,42,saved_uniform_full,4,896032,865e935c79041c4cd9eabfeee501487a65701534bf77e6c65da84fe414ad8381,c0f72a111f249beddc208cf33cb23fd0c5a5352618545eaa1c915ee89a8b4055,04c75852b757e0d5f18de7b0122abca3f7c5430f886a5f45c3268849a8810a9f,9aca213147ae7ac95958624f99fd21ed918d86f006f2fcaf0de289bf2d174774,0.46799181525869626,0.7885799306554364,0.40203180227553803
bloodmnist_42_archive_rotated_uniform_4,bloodmnist,42,archive_rotated_uniform,4,0,,e13475aa12bfab520e6bc48458703bc74cf76f43a13480d2168ae1797ff5acd4,04c75852b757e0d5f18de7b0122abca3f7c5430f886a5f45c3268849a8810a9f,9aca213147ae7ac95958624f99fd21ed918d86f006f2fcaf0de289bf2d174774,0.6422098801520023,0.8770795924167479,0.4851711168877515
bloodmnist_42_saved_rotated_uniform_4,bloodmnist,42,saved_rotated_uniform,4,896008,ad9ff767df9f032add9c4c43b08c18bc16f89e6c44056abb42ce6877e67ab92b,6fcf1c1eb85994e35cebc1e9bc1ea9a06d87db3fc8b21b15be9a39d940f1d51d,04c75852b757e0d5f18de7b0122abca3f7c5430f886a5f45c3268849a8810a9f,9aca213147ae7ac95958624f99fd21ed918d86f006f2fcaf0de289bf2d174774,0.6442560654779305,0.8775181174702553,0.48670498041240773
bloodmnist_42_archive_normal_codebook_4,bloodmnist,42,archive_normal_codebook,4,0,,0ad0f01bac84bd8e62eb4d49d3d97bd1cf841d0d06b50908e93080a128e52dc3,04c75852b757e0d5f18de7b0122abca3f7c5430f886a5f45c3268849a8810a9f,9aca213147ae7ac95958624f99fd21ed918d86f006f2fcaf0de289bf2d174774,0.1373867290266004,0.6096351085204437,0.030205655526992288
bloodmnist_42_saved_normal_codebook_4,bloodmnist,42,saved_normal_codebook,4,896984,2289ccf33f3edb1ed80f303dd1345e740d5e7aa34fc9bcc5f24a454363263ef4,e6c932d8658a3f92e8fc852a7c514c86556326da471e5ae40de920b6c91ef2c8,04c75852b757e0d5f18de7b0122abca3f7c5430f886a5f45c3268849a8810a9f,9aca213147ae7ac95958624f99fd21ed918d86f006f2fcaf0de289bf2d174774,0.1373867290266004,0.610241289866206,0.030205655526992288
bloodmnist_42_archive_rotated_normal_codebook_4,bloodmnist,42,archive_rotated_normal_codebook,4,0,,1c7cb59e388219034fe6896a94026a7cbae703006056b066f8a4c31833863fd5,04c75852b757e0d5f18de7b0122abca3f7c5430f886a5f45c3268849a8810a9f,9aca213147ae7ac95958624f99fd21ed918d86f006f2fcaf0de289bf2d174774,0.15609470914937154,0.7831978328321512,0.05953087488750881
bloodmnist_42_saved_rotated_normal_codebook_4,bloodmnist,42,saved_rotated_normal_codebook,4,896965,8ea0eea2c35e1eca3a0aadb7f4bf1cff826fb15e75ab5675f0105a33de788104,5344b0aa994e86298ec65a8e534c89d342aa104959eecdf080367cd732a89b42,04c75852b757e0d5f18de7b0122abca3f7c5430f886a5f45c3268849a8810a9f,9aca213147ae7ac95958624f99fd21ed918d86f006f2fcaf0de289bf2d174774,0.15638702133878982,0.7829476997497961,0.06049920546540312
bloodmnist_42_folded_fp32_32,bloodmnist,42,folded_fp32,32,0,,e749ef8318b706c6639b0af0766ecfdba062c229b9b53b74ca08382297442840,04c75852b757e0d5f18de7b0122abca3f7c5430f886a5f45c3268849a8810a9f,9aca213147ae7ac95958624f99fd21ed918d86f006f2fcaf0de289bf2d174774,0.9693072201110786,0.9982451970807771,0.9678790855453553
bloodmnist_42_folded_uniform_2,bloodmnist,42,folded_uniform,2,442704,6f570f7cf981cc1ccd4e0fb41652625100df3a8521289e98f0965d3044213b66,fb427848772abe6dc899d81dd074ae407a673876aa861d0e29e61ec8b6b3729e,04c75852b757e0d5f18de7b0122abca3f7c5430f886a5f45c3268849a8810a9f,9aca213147ae7ac95958624f99fd21ed918d86f006f2fcaf0de289bf2d174774,0.19292604501607716,0.5104552354050034,0.11283384457892531
bloodmnist_42_folded_uniform_3,bloodmnist,42,folded_uniform,3,630351,20064c1892c47c4294299beadfc28ae6973faf150d881b41e62b9b10b6949f7f,a6fda7e2e1a93a6aa4bb308efd336bec24bf13dabf51e4a66315001b823a8170,04c75852b757e0d5f18de7b0122abca3f7c5430f886a5f45c3268849a8810a9f,9aca213147ae7ac95958624f99fd21ed918d86f006f2fcaf0de289bf2d174774,0.15784858228588133,0.5284928334745984,0.11415140317575498
bloodmnist_42_folded_uniform_4,bloodmnist,42,folded_uniform,4,818003,c502c517e7418e95bbb15f4163dd2430c6353f40a7184de410427c86669ec378,aec75042e0ef52b16543c9c73cb7b6d93d1ba5e2dcd3a45aa50d8c6cfef9deff,04c75852b757e0d5f18de7b0122abca3f7c5430f886a5f45c3268849a8810a9f,9aca213147ae7ac95958624f99fd21ed918d86f006f2fcaf0de289bf2d174774,0.4668225665010231,0.7877474879189716,0.4000703710530563
bloodmnist_42_folded_uniform_8,bloodmnist,42,folded_uniform,8,1568412,990a0e55eaeba0e265b2e7c549a7526446112eec175ad61cf6ed3a512a9d289a,535927ca13132c77253ca46c6db29e1c4ff23aa17bdfaf0ff9176d2e175c505e,04c75852b757e0d5f18de7b0122abca3f7c5430f886a5f45c3268849a8810a9f,9aca213147ae7ac95958624f99fd21ed918d86f006f2fcaf0de289bf2d174774,0.9684302835428238,0.9982166378580146,0.9670237786104101
bloodmnist_42_cle_fp32_32,bloodmnist,42,cle_fp32,32,0,,36cdb79b647ee9fea41aedd13784cd7269716fb3f4f0dc50172b89b259ac74cc,04c75852b757e0d5f18de7b0122abca3f7c5430f886a5f45c3268849a8810a9f,9aca213147ae7ac95958624f99fd21ed918d86f006f2fcaf0de289bf2d174774,0.9693072201110786,0.9982451970807771,0.9678790855453553
bloodmnist_42_dfq_cle_bc_2,bloodmnist,42,dfq_cle_bc,2,442705,07cd16af3883ecd4b8154a1e6d939b6c14bbde9b222be7b9bb8676afee565865,19647ed3c6ca5ea00ab76f7b36ca4f09713b64a569e6e65831da1d6c29a62407,04c75852b757e0d5f18de7b0122abca3f7c5430f886a5f45c3268849a8810a9f,9aca213147ae7ac95958624f99fd21ed918d86f006f2fcaf0de289bf2d174774,0.1616486407483192,0.49777871660217754,0.10489270624355451
bloodmnist_42_dfq_cle_bc_3,bloodmnist,42,dfq_cle_bc,3,630351,efddd5c66fa4ed78c0c4e63710fbb34026e479580348b8ec459050e8e043b046,3460957495fc2b2a555cf2d0f123bb3f79320e6e36eea145a21744025b29f57f,04c75852b757e0d5f18de7b0122abca3f7c5430f886a5f45c3268849a8810a9f,9aca213147ae7ac95958624f99fd21ed918d86f006f2fcaf0de289bf2d174774,0.1382636655948553,0.507105723485127,0.10008294356331145
bloodmnist_42_dfq_cle_bc_4,bloodmnist,42,dfq_cle_bc,4,818003,fef85d431bc736e392e092bfc81d8bc24e0c6da3bb1846475d613b4c8e00a18f,2746c1a73ac54aa193bc58c29679386f4355e7140628ba1adc29f6431b061f38,04c75852b757e0d5f18de7b0122abca3f7c5430f886a5f45c3268849a8810a9f,9aca213147ae7ac95958624f99fd21ed918d86f006f2fcaf0de289bf2d174774,0.5875475007307804,0.8780399944901046,0.5211564440346959
bloodmnist_42_dfq_cle_bc_8,bloodmnist,42,dfq_cle_bc,8,1568412,b8cc1f736b58f299c505635dda69e36c4f8b7b3a158f66b3427f58c5a46ac66a,182ec55a0d1414dd11422a0fe16073418ee74d1a804361e42080cf5c9acb7a35,04c75852b757e0d5f18de7b0122abca3f7c5430f886a5f45c3268849a8810a9f,9aca213147ae7ac95958624f99fd21ed918d86f006f2fcaf0de289bf2d174774,0.9690149079216603,0.9982129080985094,0.9671523403067085
bloodmnist_456_archive_fp32_32,bloodmnist,456,archive_fp32,32,0,,dd638194acb5c1c9cfc4b9839f2b7963660c7f8b5791049cbd1f407eb85690e9,7435ce812d24c68ef5364791eac1faad9c8c2faf3224268bcffe19f9004ce59a,9aca213147ae7ac95958624f99fd21ed918d86f006f2fcaf0de289bf2d174774,0.9736919029523531,0.9986896555831684,0.9733860925055533
bloodmnist_456_saved_fp32_32,bloodmnist,456,saved_fp32,32,6183965,0ef49d9dc3c0622c617fac61f056b44763a6d27aaf5b8960d19533035dccfac1,dd638194acb5c1c9cfc4b9839f2b7963660c7f8b5791049cbd1f407eb85690e9,7435ce812d24c68ef5364791eac1faad9c8c2faf3224268bcffe19f9004ce59a,9aca213147ae7ac95958624f99fd21ed918d86f006f2fcaf0de289bf2d174774,0.9736919029523531,0.9986896555831684,0.9733860925055533
bloodmnist_456_archive_fp16_16,bloodmnist,456,archive_fp16,16,0,,d3fd7f06cfd637f911f8edadde61fb5fc05c3e83ddd88c77d50bdb6a42f7b094,7435ce812d24c68ef5364791eac1faad9c8c2faf3224268bcffe19f9004ce59a,9aca213147ae7ac95958624f99fd21ed918d86f006f2fcaf0de289bf2d174774,0.9736919029523531,0.9986926305354598,0.9732613369099274
bloodmnist_456_saved_fp16_16,bloodmnist,456,saved_fp16,16,3131772,8098a5cb189df719c6164880340fa9d523a3ec30b0f9d8ed5f5e99b546c0aeb0,612b7e0570c1659422a8f88c395bbadc2576e52138feab5f2a59315f00fd1a74,7435ce812d24c68ef5364791eac1faad9c8c2faf3224268bcffe19f9004ce59a,9aca213147ae7ac95958624f99fd21ed918d86f006f2fcaf0de289bf2d174774,0.9731072785735165,0.9986887721864204,0.9725808319544393
bloodmnist_456_archive_int8_minmax_8,bloodmnist,456,archive_int8_minmax,8,0,,379b766acff7e5148aee05e45134682e480c660216155a4998576343827a69e6,7435ce812d24c68ef5364791eac1faad9c8c2faf3224268bcffe19f9004ce59a,9aca213147ae7ac95958624f99fd21ed918d86f006f2fcaf0de289bf2d174774,0.9722303420052616,0.9985710522665894,0.9713616471524043
bloodmnist_456_saved_int8_minmax_8,bloodmnist,456,saved_int8_minmax,8,1646452,cc82765f13fde59a56b7f22369a8ad73fbd54ab8e5381ba89ee479a2490796dd,45f76cda921d0cb4edfaac2b66bd0d68b6380384867eb550a9561c6f0ff10071,7435ce812d24c68ef5364791eac1faad9c8c2faf3224268bcffe19f9004ce59a,9aca213147ae7ac95958624f99fd21ed918d86f006f2fcaf0de289bf2d174774,0.9722303420052616,0.9985689416418285,0.9713616471524043
bloodmnist_456_archive_uniform_full_2,bloodmnist,456,archive_uniform_full,2,0,,1c33c135b0ffe13248066bccfbccad205a770d95818806d50b74db262786b3e1,7435ce812d24c68ef5364791eac1faad9c8c2faf3224268bcffe19f9004ce59a,9aca213147ae7ac95958624f99fd21ed918d86f006f2fcaf0de289bf2d174774,0.15638702133878982,0.4925164737399379,0.06186620639230109
bloodmnist_456_saved_uniform_full_2,bloodmnist,456,saved_uniform_full,2,520693,55f9c3c4df7702a9da9bd4234ce3dd098b0d57b4174444315ee7da135710a784,b311ec0da46bba27aed343c3f165d98fa5f7af707421f88a77facdcc2cbd1402,7435ce812d24c68ef5364791eac1faad9c8c2faf3224268bcffe19f9004ce59a,9aca213147ae7ac95958624f99fd21ed918d86f006f2fcaf0de289bf2d174774,0.15609470914937154,0.49284761893757356,0.06174169903412816
bloodmnist_456_archive_rotated_normal_codebook_2,bloodmnist,456,archive_rotated_normal_codebook,2,0,,053ad4e5c76d1bab8709588d01a423fff94215ea004cf8dd39a3cacaef8230cd,7435ce812d24c68ef5364791eac1faad9c8c2faf3224268bcffe19f9004ce59a,9aca213147ae7ac95958624f99fd21ed918d86f006f2fcaf0de289bf2d174774,0.16924875767319497,0.39702160246495216,0.0361875
bloodmnist_456_saved_rotated_normal_codebook_2,bloodmnist,456,saved_rotated_normal_codebook,2,521629,3fcc81b8dd5efae7b8e8dcdd2105b418dd6bd8027e7ba9952e4ace70a3884014,4d540cd5f5da6c1ec27e75f494d32cd0c0722b4502125b952ff6cbe933fc24a0,7435ce812d24c68ef5364791eac1faad9c8c2faf3224268bcffe19f9004ce59a,9aca213147ae7ac95958624f99fd21ed918d86f006f2fcaf0de289bf2d174774,0.16924875767319497,0.39654294454047223,0.0361875
bloodmnist_456_archive_uniform_full_3,bloodmnist,456,archive_uniform_full,3,0,,a36dd78e59504e856cd2381366770e400a909c12219d0132b1f9415120ff9926,7435ce812d24c68ef5364791eac1faad9c8c2faf3224268bcffe19f9004ce59a,9aca213147ae7ac95958624f99fd21ed918d86f006f2fcaf0de289bf2d174774,0.1584332066647179,0.5138658460597068,0.09341890900469382
bloodmnist_456_saved_uniform_full_3,bloodmnist,456,saved_uniform_full,3,708360,d090234813a907d81aaea8f15306b5e982a2fa1766450f83fa2bfa73692688b3,29f1d7ca603e2fbfdc45ce719fe98b9b9a0ad03e9313fd4d8ea095910624ffdc,7435ce812d24c68ef5364791eac1faad9c8c2faf3224268bcffe19f9004ce59a,9aca213147ae7ac95958624f99fd21ed918d86f006f2fcaf0de289bf2d174774,0.15784858228588133,0.5126024917773164,0.09470122821631465
bloodmnist_456_archive_rotated_normal_codebook_3,bloodmnist,456,archive_rotated_normal_codebook,3,0,,38a27ff493e351060a5996d57f51d0b897782d0491e2c56b7a70e5f8783d6783,7435ce812d24c68ef5364791eac1faad9c8c2faf3224268bcffe19f9004ce59a,9aca213147ae7ac95958624f99fd21ed918d86f006f2fcaf0de289bf2d174774,0.1376790412160187,0.6285146099647365,0.031226063690257592
bloodmnist_456_saved_rotated_normal_codebook_3,bloodmnist,456,saved_rotated_normal_codebook,3,709295,24da795a266ba5c8e249ed972f4d65c1a466d6da0f363487f1c590c8047e7d6c,82aadbc8f4eca436738bf915d6d29bcd1476802f531deade7966b0cac498ae61,7435ce812d24c68ef5364791eac1faad9c8c2faf3224268bcffe19f9004ce59a,9aca213147ae7ac95958624f99fd21ed918d86f006f2fcaf0de289bf2d174774,0.1376790412160187,0.6285614012647162,0.031226063690257592
bloodmnist_456_archive_uniform_full_4,bloodmnist,456,archive_uniform_full,4,0,,cb300f250bf26f2f8b1aef92e538a472647504ac2b75c431b428ca932a4cff9b,7435ce812d24c68ef5364791eac1faad9c8c2faf3224268bcffe19f9004ce59a,9aca213147ae7ac95958624f99fd21ed918d86f006f2fcaf0de289bf2d174774,0.32271265711780184,0.7728934888762807,0.24156361837450002
bloodmnist_456_saved_uniform_full_4,bloodmnist,456,saved_uniform_full,4,896032,7ba34356bbcfd654550c5b31d4508f9f1a5703971f643ca0c4cb7bda9e34f7d8,fe5ff22bbe18a767d6c100de5ec43262b8caff36d5a9e51fb0f435b0de7c32fd,7435ce812d24c68ef5364791eac1faad9c8c2faf3224268bcffe19f9004ce59a,9aca213147ae7ac95958624f99fd21ed918d86f006f2fcaf0de289bf2d174774,0.32271265711780184,0.772766734900548,0.24184949087375568
bloodmnist_456_archive_rotated_uniform_4,bloodmnist,456,archive_rotated_uniform,4,0,,f6d281c12b743785e41cb208fc4ec3152fb969955fe449bb218cac2fc1ce8d0b,7435ce812d24c68ef5364791eac1faad9c8c2faf3224268bcffe19f9004ce59a,9aca213147ae7ac95958624f99fd21ed918d86f006f2fcaf0de289bf2d174774,0.3341128325051155,0.7064573307410121,0.23829105749415447
bloodmnist_456_saved_rotated_uniform_4,bloodmnist,456,saved_rotated_uniform,4,896008,6724eb1a165d9421257aef4292c380f4fc15f4111d3a24b6d9d57f5919bcffa6,c4eec185ed8c77694a68b257893ecd384dc060bca3ea337f759d6aed3632ae7c,7435ce812d24c68ef5364791eac1faad9c8c2faf3224268bcffe19f9004ce59a,9aca213147ae7ac95958624f99fd21ed918d86f006f2fcaf0de289bf2d174774,0.332651271558024,0.7071241509609385,0.23692089989434678
bloodmnist_456_archive_normal_codebook_4,bloodmnist,456,archive_normal_codebook,4,0,,088ce6e66a6617a3def20e4732c4b95cb65a1bec5386f7d980a48bb9b2908120,7435ce812d24c68ef5364791eac1faad9c8c2faf3224268bcffe19f9004ce59a,9aca213147ae7ac95958624f99fd21ed918d86f006f2fcaf0de289bf2d174774,0.14644840689856767,0.7374102345919173,0.050408542210583815
bloodmnist_456_saved_normal_codebook_4,bloodmnist,456,saved_normal_codebook,4,896984,19a1391a71c85cbbfe40e0a04daccb93032a66eb2b70309810dd43279ba762cf,2bf7c65f40095fbfc805d177735c7605e7e9d02e8fb538222a7f2670d4e68a3f,7435ce812d24c68ef5364791eac1faad9c8c2faf3224268bcffe19f9004ce59a,9aca213147ae7ac95958624f99fd21ed918d86f006f2fcaf0de289bf2d174774,0.14615609470914936,0.7372132167812063,0.04998269455089718
bloodmnist_456_archive_rotated_normal_codebook_4,bloodmnist,456,archive_rotated_normal_codebook,4,0,,09fedf31fde41e33cc66675a9bfb60dc6903387f8ab6183ae6b743952234ed37,7435ce812d24c68ef5364791eac1faad9c8c2faf3224268bcffe19f9004ce59a,9aca213147ae7ac95958624f99fd21ed918d86f006f2fcaf0de289bf2d174774,0.16983338205203158,0.8290797611965361,0.10865223914531273
bloodmnist_456_saved_rotated_normal_codebook_4,bloodmnist,456,saved_rotated_normal_codebook,4,896965,12441dc0852f880b9a3a017148a93ea48691e52670d81de45512cb5113615ab9,def42aa69020b971def65dc18c8cadd119c7232c91353311ac44a6a7f71514a6,7435ce812d24c68ef5364791eac1faad9c8c2faf3224268bcffe19f9004ce59a,9aca213147ae7ac95958624f99fd21ed918d86f006f2fcaf0de289bf2d174774,0.17071031862028646,0.8292882926098213,0.1101406211028578
bloodmnist_456_folded_fp32_32,bloodmnist,456,folded_fp32,32,0,,08e163a5090dcdbf96ab73044accd2fe1a8ef45bea0531f7187279ede0279314,7435ce812d24c68ef5364791eac1faad9c8c2faf3224268bcffe19f9004ce59a,9aca213147ae7ac95958624f99fd21ed918d86f006f2fcaf0de289bf2d174774,0.9736919029523531,0.9986896555831684,0.9733860925055533
bloodmnist_456_folded_uniform_2,bloodmnist,456,folded_uniform,2,442704,87b86eb0b7a79e6ba263187cf89e6ec35ea67233604e6a9c36256bef670eb0d8,39e7ccfb57e0f640334ce47438a93a3f1e6d56390846686dfb2d4d641a3fc3ea,7435ce812d24c68ef5364791eac1faad9c8c2faf3224268bcffe19f9004ce59a,9aca213147ae7ac95958624f99fd21ed918d86f006f2fcaf0de289bf2d174774,0.15726395790704473,0.49298513282616263,0.06122446957618378
bloodmnist_456_folded_uniform_3,bloodmnist,456,folded_uniform,3,630351,bbbd56d18ea4e775029868a08a41f62e1a5e1dff8af8daf6fb8f0dea7318ff5f,8e3782599c0ef835db9406093470c9293d328fae43c3fd2d4857ebc45d72a7a7,7435ce812d24c68ef5364791eac1faad9c8c2faf3224268bcffe19f9004ce59a,9aca213147ae7ac95958624f99fd21ed918d86f006f2fcaf0de289bf2d174774,0.1598947676118094,0.5131768217709678,0.0956558614763428
bloodmnist_456_folded_uniform_4,bloodmnist,456,folded_uniform,4,818003,b2ab85bcc8853a250daed3810ed702311d03ed272787f3f0a7b714591c15912e,2e65221ce72b24df3317c358de50dbcb2af9b2a5087df466869d3e289306bb97,7435ce812d24c68ef5364791eac1faad9c8c2faf3224268bcffe19f9004ce59a,9aca213147ae7ac95958624f99fd21ed918d86f006f2fcaf0de289bf2d174774,0.3235895936860567,0.7731667413497301,0.24267072777335486
bloodmnist_456_folded_uniform_8,bloodmnist,456,folded_uniform,8,1568412,f299440a7498684b16da753e425c060aebb2d6f6f289cdbf781d05e973642364,86c001f57229695d87c647d3c5efb2858463789eaebb5e107b758c38bf0d9a05,7435ce812d24c68ef5364791eac1faad9c8c2faf3224268bcffe19f9004ce59a,9aca213147ae7ac95958624f99fd21ed918d86f006f2fcaf0de289bf2d174774,0.9722303420052616,0.998569512992397,0.9713616471524043
bloodmnist_456_cle_fp32_32,bloodmnist,456,cle_fp32,32,0,,653a254abee1bb0dd2b376b2b85034de76fd7fff537e630ef3cd95f3b55de245,7435ce812d24c68ef5364791eac1faad9c8c2faf3224268bcffe19f9004ce59a,9aca213147ae7ac95958624f99fd21ed918d86f006f2fcaf0de289bf2d174774,0.9736919029523531,0.9986896555831684,0.9733860925055533
bloodmnist_456_dfq_cle_bc_2,bloodmnist,456,dfq_cle_bc,2,442705,ae71063fc02d3b5f7667ed32194bb59357035b35c8f75d4aec4ee3e10491b381,78b923ae03fcfbf6a8cc32bffba2fdef21a6e6e18344e4af875e742ebb3fb897,7435ce812d24c68ef5364791eac1faad9c8c2faf3224268bcffe19f9004ce59a,9aca213147ae7ac95958624f99fd21ed918d86f006f2fcaf0de289bf2d174774,0.16544869921075708,0.4985317369075969,0.07212974463666894
bloodmnist_456_dfq_cle_bc_3,bloodmnist,456,dfq_cle_bc,3,630351,b0661673c3737ce7798e0aa376bce137891e1e8a8c2e751e92d86cb1e607c973,329c61bd821d516c38060a963fadb8a621d59c9dc26db7007169e37c286ed179,7435ce812d24c68ef5364791eac1faad9c8c2faf3224268bcffe19f9004ce59a,9aca213147ae7ac95958624f99fd21ed918d86f006f2fcaf0de289bf2d174774,0.14323297281496639,0.4966606767287409,0.07174993276668881
bloodmnist_456_dfq_cle_bc_4,bloodmnist,456,dfq_cle_bc,4,818003,f06f6aeb9741167b4f01b30090c25c6011799f7e9c7491e4214fc1514213250a,4d0e8fe26a98b979550622e00bb2ca3f3c2fccbe3ec4bd8adb660693dc61f8f5,7435ce812d24c68ef5364791eac1faad9c8c2faf3224268bcffe19f9004ce59a,9aca213147ae7ac95958624f99fd21ed918d86f006f2fcaf0de289bf2d174774,0.41216018707980123,0.8131457480866772,0.3471522046797904
bloodmnist_456_dfq_cle_bc_8,bloodmnist,456,dfq_cle_bc,8,1568412,190e50fe2ed3bb1e9a66cf31c0a7ddca949716e312cc2e92fd587adc17885f02,ca60a7bc36d0768bad5a8206746b6fae016a727f05b64751510de89a4487577e,7435ce812d24c68ef5364791eac1faad9c8c2faf3224268bcffe19f9004ce59a,9aca213147ae7ac95958624f99fd21ed918d86f006f2fcaf0de289bf2d174774,0.9728149663840983,0.9986203029555114,0.9718111057530299
dermamnist_123_archive_fp32_32,dermamnist,123,archive_fp32,32,0,,5583d45ba4c352d91f4209cd8c87bf554fd711e5f996fbdebf90e4e7edf387a2,8ccc066e2b7d03e9bcd676c1f0f15fef58f758c2f5d906e30c290bbe7d786d30,323c54660beecf392367d5b04f0be03fdcc256d84d16dfb78c446b384df3645e,0.7845386533665836,0.9203068752099263,0.5601127485805796
dermamnist_123_saved_fp32_32,dermamnist,123,saved_fp32,32,6179865,dd8d143a7bde6e5c22221e7ea334393befc1f3e492125d16f1876f69f8b19a59,5583d45ba4c352d91f4209cd8c87bf554fd711e5f996fbdebf90e4e7edf387a2,8ccc066e2b7d03e9bcd676c1f0f15fef58f758c2f5d906e30c290bbe7d786d30,323c54660beecf392367d5b04f0be03fdcc256d84d16dfb78c446b384df3645e,0.7845386533665836,0.9203068752099263,0.5601127485805796
dermamnist_123_archive_fp16_16,dermamnist,123,archive_fp16,16,0,,1d080ffe7f4c2d5ee276adf2c4e32d141d3021f2ab8eb3c8ea9b1ed38986a1fe,8ccc066e2b7d03e9bcd676c1f0f15fef58f758c2f5d906e30c290bbe7d786d30,323c54660beecf392367d5b04f0be03fdcc256d84d16dfb78c446b384df3645e,0.7845386533665836,0.9202683785920491,0.5604107147115088
dermamnist_123_saved_fp16_16,dermamnist,123,saved_fp16,16,3129722,a196602d7c910991ef2d8e20abdb87ef79e57a7a20b8a6df9ac5494bddd072a6,5ff083010b608b57611631df1841113aed7bbf574e448ee8dc6240ee845c0dc3,8ccc066e2b7d03e9bcd676c1f0f15fef58f758c2f5d906e30c290bbe7d786d30,323c54660beecf392367d5b04f0be03fdcc256d84d16dfb78c446b384df3645e,0.7845386533665836,0.9201754017246545,0.5645039407227851
dermamnist_123_archive_int8_minmax_8,dermamnist,123,archive_int8_minmax,8,0,,52d21c8f4f7f6add4579b1ae45da5c5533a2a29ee4e5266229c50365294bf71b,8ccc066e2b7d03e9bcd676c1f0f15fef58f758c2f5d906e30c290bbe7d786d30,323c54660beecf392367d5b04f0be03fdcc256d84d16dfb78c446b384df3645e,0.7810473815461346,0.9207129027001333,0.556404009997053
dermamnist_123_saved_int8_minmax_8,dermamnist,123,saved_int8_minmax,8,1645424,32d8ea334cd9aadad504627220555d3d880923a30f65053c414d07c6d9755469,c75fd64627e644906d5a5fff59431291ec143499436ef2ea7dde808a4497a6d4,8ccc066e2b7d03e9bcd676c1f0f15fef58f758c2f5d906e30c290bbe7d786d30,323c54660beecf392367d5b04f0be03fdcc256d84d16dfb78c446b384df3645e,0.7815461346633417,0.9206661774303824,0.5575443446979131
dermamnist_123_archive_uniform_full_2,dermamnist,123,archive_uniform_full,2,0,,5997ff1f2f971ab7abcbc7904f77fd36fd417b038d8843e325892c438c864548,8ccc066e2b7d03e9bcd676c1f0f15fef58f758c2f5d906e30c290bbe7d786d30,323c54660beecf392367d5b04f0be03fdcc256d84d16dfb78c446b384df3645e,0.6638403990024938,0.4992018984812051,0.11406290170537321
dermamnist_123_saved_uniform_full_2,dermamnist,123,saved_uniform_full,2,519665,9d19b550b338c5219f36f0639bf112c67494727881b545867a0c8962a8726054,d779bbca80399977f076e4617dfebf2af8879933e833b71b6da759c60aae4b24,8ccc066e2b7d03e9bcd676c1f0f15fef58f758c2f5d906e30c290bbe7d786d30,323c54660beecf392367d5b04f0be03fdcc256d84d16dfb78c446b384df3645e,0.6643391521197007,0.49922768986521876,0.11408016443987667
dermamnist_123_archive_rotated_normal_codebook_2,dermamnist,123,archive_rotated_normal_codebook,2,0,,8008372eb22666c9ba532c520342a393302ea233b6ec523026827cbd6e0ce018,8ccc066e2b7d03e9bcd676c1f0f15fef58f758c2f5d906e30c290bbe7d786d30,323c54660beecf392367d5b04f0be03fdcc256d84d16dfb78c446b384df3645e,0.5486284289276808,0.4664415886100916,0.11836473340136451
dermamnist_123_saved_rotated_normal_codebook_2,dermamnist,123,saved_rotated_normal_codebook,2,520601,510b476ada4c4e2132118b9b9904def62666b5dd35d75b0555181f673daff3d7,a8761b65bbd71679d80cfdcf190618d6ac1a0bef4c5b33517c5904855651c4fc,8ccc066e2b7d03e9bcd676c1f0f15fef58f758c2f5d906e30c290bbe7d786d30,323c54660beecf392367d5b04f0be03fdcc256d84d16dfb78c446b384df3645e,0.5471321695760598,0.4652375030367856,0.11819046629443411
dermamnist_123_archive_uniform_full_3,dermamnist,123,archive_uniform_full,3,0,,c485584830bcc7a976ab9586a577ce88f954a89668553a95edde78f449f0a91b,8ccc066e2b7d03e9bcd676c1f0f15fef58f758c2f5d906e30c290bbe7d786d30,323c54660beecf392367d5b04f0be03fdcc256d84d16dfb78c446b384df3645e,0.6598503740648379,0.6519477890571794,0.11970228198906219
dermamnist_123_saved_uniform_full_3,dermamnist,123,saved_uniform_full,3,707332,ca29b4a7cb05aab30ce127ae117dde8b01b26df6838749dac875b366c6e842dc,9d31a1027e2843a20b6598d36650308ea9e5496b076b88305b024994a8f754ea,8ccc066e2b7d03e9bcd676c1f0f15fef58f758c2f5d906e30c290bbe7d786d30,323c54660beecf392367d5b04f0be03fdcc256d84d16dfb78c446b384df3645e,0.658852867830424,0.6510150173801283,0.11952917427278574
dermamnist_123_archive_rotated_normal_codebook_3,dermamnist,123,archive_rotated_normal_codebook,3,0,,39103683c043a2487cf5cac402ff84c266db8c16afb82e6b0a640988e542c664,8ccc066e2b7d03e9bcd676c1f0f15fef58f758c2f5d906e30c290bbe7d786d30,323c54660beecf392367d5b04f0be03fdcc256d84d16dfb78c446b384df3645e,0.11022443890274314,0.5111586764366447,0.032090461017380535
dermamnist_123_saved_rotated_normal_codebook_3,dermamnist,123,saved_rotated_normal_codebook,3,708267,1b1d772e408e37074f9142a617ba4186d9617c8d55a75e910491168f50c5565d,c1ee24fbd54353b656224a92495049aa05b843fe2b1b338508ebd6842aa28f09,8ccc066e2b7d03e9bcd676c1f0f15fef58f758c2f5d906e30c290bbe7d786d30,323c54660beecf392367d5b04f0be03fdcc256d84d16dfb78c446b384df3645e,0.10972568578553615,0.5110497591070174,0.03186696645307276
dermamnist_123_archive_uniform_full_4,dermamnist,123,archive_uniform_full,4,0,,0a2de634c23f0cb7bd1b4ec81fd265aee9c004b2c48939e038e339363e69836d,8ccc066e2b7d03e9bcd676c1f0f15fef58f758c2f5d906e30c290bbe7d786d30,323c54660beecf392367d5b04f0be03fdcc256d84d16dfb78c446b384df3645e,0.6458852867830424,0.5895161951263185,0.15857868761898675
dermamnist_123_saved_uniform_full_4,dermamnist,123,saved_uniform_full,4,895004,6307c4a75e8261b746de6566f7b74c49c3f19a474eac146e13a255d26164bb48,e1c97890d10e1e8c7b66edcbdf0bf0766074118fdb85e87d81db7b4d3d06ba48,8ccc066e2b7d03e9bcd676c1f0f15fef58f758c2f5d906e30c290bbe7d786d30,323c54660beecf392367d5b04f0be03fdcc256d84d16dfb78c446b384df3645e,0.6463840399002494,0.5880086990178663,0.15479124158594113
dermamnist_123_archive_rotated_uniform_4,dermamnist,123,archive_rotated_uniform,4,0,,f08b97a2f4f156077277acf75ba2471d00d33d34a8addbbe959d0eb43d66a679,8ccc066e2b7d03e9bcd676c1f0f15fef58f758c2f5d906e30c290bbe7d786d30,323c54660beecf392367d5b04f0be03fdcc256d84d16dfb78c446b384df3645e,0.5576059850374064,0.6687434898130146,0.19672389538486726
dermamnist_123_saved_rotated_uniform_4,dermamnist,123,saved_rotated_uniform,4,894980,06d80e097332a39e4ab54547e4b5d291a9b84bf44ca84b33176aaa3337b0f68a,c153859c3a3e9c50c4ede2e2f7e83c1972db67f7b304c5c7297a8ce186e54380,8ccc066e2b7d03e9bcd676c1f0f15fef58f758c2f5d906e30c290bbe7d786d30,323c54660beecf392367d5b04f0be03fdcc256d84d16dfb78c446b384df3645e,0.5586034912718204,0.6685422675196637,0.19674221314707532
dermamnist_123_archive_normal_codebook_4,dermamnist,123,archive_normal_codebook,4,0,,f205294dbca03a73ee374a5bd973a54d4db6fdbfd8a4f632eae96a2a58505c3e,8ccc066e2b7d03e9bcd676c1f0f15fef58f758c2f5d906e30c290bbe7d786d30,323c54660beecf392367d5b04f0be03fdcc256d84d16dfb78c446b384df3645e,0.4304239401496259,0.4691050815569066,0.10933558528963734
dermamnist_123_saved_normal_codebook_4,dermamnist,123,saved_normal_codebook,4,895956,d091c4f258393cdce9e1aa9c0c8f90c24bcb44b004cdbc696ac972b145a6eb8c,bacdd03a3473b474b0581dea07028c500a551ca78ecd6976267a70b177e4e45a,8ccc066e2b7d03e9bcd676c1f0f15fef58f758c2f5d906e30c290bbe7d786d30,323c54660beecf392367d5b04f0be03fdcc256d84d16dfb78c446b384df3645e,0.4309226932668329,0.4681381447618988,0.11049696888704466
dermamnist_123_archive_rotated_normal_codebook_4,dermamnist,123,archive_rotated_normal_codebook,4,0,,3b5d588bae8258cb6edb5f136d65c5df1e6dbce6201352a920a198673d006077,8ccc066e2b7d03e9bcd676c1f0f15fef58f758c2f5d906e30c290bbe7d786d30,323c54660beecf392367d5b04f0be03fdcc256d84d16dfb78c446b384df3645e,0.2199501246882793,0.5145671815716288,0.07969592118806415
dermamnist_123_saved_rotated_normal_codebook_4,dermamnist,123,saved_rotated_normal_codebook,4,895937,bbcb75f32445aff4a8620915a5f2fd091047a0ddd220885cfec9c83417307cd2,02ac0e5c59d4a5bf3c1b4e8e55c6ce0958f398e6add5680a7c77222aaa8f7d22,8ccc066e2b7d03e9bcd676c1f0f15fef58f758c2f5d906e30c290bbe7d786d30,323c54660beecf392367d5b04f0be03fdcc256d84d16dfb78c446b384df3645e,0.21895261845386535,0.5150918799880876,0.07953432926575048
dermamnist_123_folded_fp32_32,dermamnist,123,folded_fp32,32,0,,e15303c623b351505ddfff85848c42a3b4a7823b0975884b7f3b87ad31f03a60,8ccc066e2b7d03e9bcd676c1f0f15fef58f758c2f5d906e30c290bbe7d786d30,323c54660beecf392367d5b04f0be03fdcc256d84d16dfb78c446b384df3645e,0.7845386533665836,0.9203068752099263,0.5601127485805796
dermamnist_123_folded_uniform_2,dermamnist,123,folded_uniform,2,441676,f667112d5cf16cf3f8f5a6182fca3e9af2cd6f89ca213135ce4623e9c6428186,2dec480f36896404b3e84eb1b88c94ea2663334579d24248369fb2318606bbde,8ccc066e2b7d03e9bcd676c1f0f15fef58f758c2f5d906e30c290bbe7d786d30,323c54660beecf392367d5b04f0be03fdcc256d84d16dfb78c446b384df3645e,0.6653366583541147,0.49948187669625,0.11421721820283402
dermamnist_123_folded_uniform_3,dermamnist,123,folded_uniform,3,629323,46791f5b1b2c9ec938ba7e05639d508c3a3e6b93884c5c645b215a9cfff69fb4,4fcf46300d9bb22e1d0b3900227aeb4c332d03e7ff94a90cdb177b1a061d2257,8ccc066e2b7d03e9bcd676c1f0f15fef58f758c2f5d906e30c290bbe7d786d30,323c54660beecf392367d5b04f0be03fdcc256d84d16dfb78c446b384df3645e,0.6603491271820449,0.651774624492884,0.11982343116201385
dermamnist_123_folded_uniform_4,dermamnist,123,folded_uniform,4,816975,5dfd8991749bb687cebe6e811e7702cc12c5ce6661370b0632d033a4dd98d750,ea826c1587da9bd8c1414cba3d23de1336b18ff85e53a9335330978240b224e5,8ccc066e2b7d03e9bcd676c1f0f15fef58f758c2f5d906e30c290bbe7d786d30,323c54660beecf392367d5b04f0be03fdcc256d84d16dfb78c446b384df3645e,0.6463840399002494,0.5887042866907792,0.15479124158594113
dermamnist_123_folded_uniform_8,dermamnist,123,folded_uniform,8,1567384,5c352173e8f103259b0890ec01098f0b9c739452a9efd89ab95578578217de66,f0337e1f47afa128dbcaf1cb58961e324f09ba1d2dd6f7a8c1fa14791708e920,8ccc066e2b7d03e9bcd676c1f0f15fef58f758c2f5d906e30c290bbe7d786d30,323c54660beecf392367d5b04f0be03fdcc256d84d16dfb78c446b384df3645e,0.7810473815461346,0.9206988156972207,0.5561436236793981
dermamnist_123_cle_fp32_32,dermamnist,123,cle_fp32,32,0,,361c8504bc3f788bf265fbec95c5dfc9d367d6bab57cebf5c9f8a02eedf002d3,8ccc066e2b7d03e9bcd676c1f0f15fef58f758c2f5d906e30c290bbe7d786d30,323c54660beecf392367d5b04f0be03fdcc256d84d16dfb78c446b384df3645e,0.7845386533665836,0.9203068752099263,0.5601127485805796
dermamnist_123_dfq_cle_bc_2,dermamnist,123,dfq_cle_bc,2,441677,fa3445dec88b8037fc67b4cad3f2ce7c057cd754317dbe722376fdb690542b3d,d2ef67294ea69cc4f087440874411dafa9d210d38e195e4631b16b22cb4369f9,8ccc066e2b7d03e9bcd676c1f0f15fef58f758c2f5d906e30c290bbe7d786d30,323c54660beecf392367d5b04f0be03fdcc256d84d16dfb78c446b384df3645e,0.6638403990024938,0.49933654119878457,0.11413136683244726
dermamnist_123_dfq_cle_bc_3,dermamnist,123,dfq_cle_bc,3,629323,385fa7a1c6df2c3a46c879a17e8406d36932dd23b35fc8faa3fdf64f2a4c4250,027b84e5ee34253f7324889d702516d0cbe4dfe191412cbb637a737fa6b31feb,8ccc066e2b7d03e9bcd676c1f0f15fef58f758c2f5d906e30c290bbe7d786d30,323c54660beecf392367d5b04f0be03fdcc256d84d16dfb78c446b384df3645e,0.6084788029925187,0.4380837273962755,0.1269842590547905
dermamnist_123_dfq_cle_bc_4,dermamnist,123,dfq_cle_bc,4,816975,45a11a1433fb65f0e2caa3a568df06561a60777ae14857888d64778f5aa14136,9498e5b25f0dbd769bc7c40f9c5910fb7b119c70244c3c79c56d148a07436159,8ccc066e2b7d03e9bcd676c1f0f15fef58f758c2f5d906e30c290bbe7d786d30,323c54660beecf392367d5b04f0be03fdcc256d84d16dfb78c446b384df3645e,0.6134663341645885,0.5872788745798652,0.18384426265479512
dermamnist_123_dfq_cle_bc_8,dermamnist,123,dfq_cle_bc,8,1567384,3501e241ee788d40c270237fc7e216045ac569c3acbdae289d0c61f3101ec272,7deae13772380f882f6fba8613f2eccf8c7e7b7cc7b9a873e708c125f9e6a4b9,8ccc066e2b7d03e9bcd676c1f0f15fef58f758c2f5d906e30c290bbe7d786d30,323c54660beecf392367d5b04f0be03fdcc256d84d16dfb78c446b384df3645e,0.7825436408977556,0.9204723351941261,0.5636701377308195
dermamnist_42_archive_fp32_32,dermamnist,42,archive_fp32,32,0,,f6dd227476a04ee67b232642380740ed6ab977b63dd7616a7ed3bf8be27d0a87,0d55344a5e62263561a9236c29a675a1c8fed8020ed4a91efc6266a241fbaa2e,323c54660beecf392367d5b04f0be03fdcc256d84d16dfb78c446b384df3645e,0.7451371571072319,0.9117058995051303,0.5104533758630079
dermamnist_42_saved_fp32_32,dermamnist,42,saved_fp32,32,6179865,62e3163f7e8670078cc8bfb97f63ebfe19bd6284ecf0810f10522e2846adf4d3,f6dd227476a04ee67b232642380740ed6ab977b63dd7616a7ed3bf8be27d0a87,0d55344a5e62263561a9236c29a675a1c8fed8020ed4a91efc6266a241fbaa2e,323c54660beecf392367d5b04f0be03fdcc256d84d16dfb78c446b384df3645e,0.7451371571072319,0.9117058995051303,0.5104533758630079
dermamnist_42_archive_fp16_16,dermamnist,42,archive_fp16,16,0,,361ab030300adc1183342212a84d4d97400de87e56880b155263586e91b26d71,0d55344a5e62263561a9236c29a675a1c8fed8020ed4a91efc6266a241fbaa2e,323c54660beecf392367d5b04f0be03fdcc256d84d16dfb78c446b384df3645e,0.744139650872818,0.911770401085028,0.5079422240993728
dermamnist_42_saved_fp16_16,dermamnist,42,saved_fp16,16,3129722,3eeca68fff8d8eb0e9294f73bd28c5a08797e1fedd7f451129a98b6f4ac47395,7863c6f28f6cfae8d1743cb3226817ca6332d6b1e8d47c799af255b4fb0741e6,0d55344a5e62263561a9236c29a675a1c8fed8020ed4a91efc6266a241fbaa2e,323c54660beecf392367d5b04f0be03fdcc256d84d16dfb78c446b384df3645e,0.7446384039900249,0.9118307582098405,0.5095081001307024
dermamnist_42_archive_int8_minmax_8,dermamnist,42,archive_int8_minmax,8,0,,37b5ead81154cb619f4e99dcf81f26186b3a445ca08a2435548c4580e228cf8f,0d55344a5e62263561a9236c29a675a1c8fed8020ed4a91efc6266a241fbaa2e,323c54660beecf392367d5b04f0be03fdcc256d84d16dfb78c446b384df3645e,0.7476309226932668,0.9100005115525642,0.5052843363073029
dermamnist_42_saved_int8_minmax_8,dermamnist,42,saved_int8_minmax,8,1645424,efe1af5646b60d544ebe6845af950511c8afd040e499ba057cdf0b0dbb69bb36,a369c91123f6e9fa9f0c69cdc1e161f3327cbef41e8ba830f69600b1ec856031,0d55344a5e62263561a9236c29a675a1c8fed8020ed4a91efc6266a241fbaa2e,323c54660beecf392367d5b04f0be03fdcc256d84d16dfb78c446b384df3645e,0.7481296758104738,0.9100896145308166,0.506564802684538
dermamnist_42_archive_uniform_full_2,dermamnist,42,archive_uniform_full,2,0,,987e0ea9edcea88e157def8a17fe81a2b0ebb2b36ecff49460f83b88cf4ce23d,0d55344a5e62263561a9236c29a675a1c8fed8020ed4a91efc6266a241fbaa2e,323c54660beecf392367d5b04f0be03fdcc256d84d16dfb78c446b384df3645e,0.6668329177057356,0.499626605890588,0.11430281268701377
dermamnist_42_saved_uniform_full_2,dermamnist,42,saved_uniform_full,2,519665,7280e98da66cdf181190d33d21d3bc371ce3c84f572a3a8d353b86ca458db76b,5a75b2c7fb18b6ea11c1c49316bf79a10dc0b072f4f508d5d3eac846e9d419c0,0d55344a5e62263561a9236c29a675a1c8fed8020ed4a91efc6266a241fbaa2e,323c54660beecf392367d5b04f0be03fdcc256d84d16dfb78c446b384df3645e,0.6683291770573566,0.499906651472647,0.1144565449498185
dermamnist_42_archive_rotated_normal_codebook_2,dermamnist,42,archive_rotated_normal_codebook,2,0,,3147539ebab01b12f848c800e98ab5bf820a41760f258f65ff9e2d7a6e330d8c,0d55344a5e62263561a9236c29a675a1c8fed8020ed4a91efc6266a241fbaa2e,323c54660beecf392367d5b04f0be03fdcc256d84d16dfb78c446b384df3645e,0.11521197007481297,0.4251084074519835,0.0316246357527757
dermamnist_42_saved_rotated_normal_codebook_2,dermamnist,42,saved_rotated_normal_codebook,2,520601,10699fa5ffc28dea9aad069dc3f550234f8fc6225e18df8741877d069d7e5cb4,e7f3f5808d9605e383645d46fe0ce6279d6928a37cbd66686d16cc521cad02ab,0d55344a5e62263561a9236c29a675a1c8fed8020ed4a91efc6266a241fbaa2e,323c54660beecf392367d5b04f0be03fdcc256d84d16dfb78c446b384df3645e,0.11521197007481297,0.42492105442946887,0.0317201884666676
dermamnist_42_archive_uniform_full_3,dermamnist,42,archive_uniform_full,3,0,,5ab9a967947307c7330902de094b9c4d0e3c6ce12e9fa33ca780aac5e82d41a1,0d55344a5e62263561a9236c29a675a1c8fed8020ed4a91efc6266a241fbaa2e,323c54660beecf392367d5b04f0be03fdcc256d84d16dfb78c446b384df3645e,0.5915211970074813,0.4446720014579369,0.13289422758907019
dermamnist_42_saved_uniform_full_3,dermamnist,42,saved_uniform_full,3,707332,ee3959ab78dca9063c22ef3cac62c3f6cdc93e4f725cf16028c2b34ea4868ef3,a6092f48028d0be672220c370c3d51cd1ed79bf5938c72a0bbd9549eb1ac28ab,0d55344a5e62263561a9236c29a675a1c8fed8020ed4a91efc6266a241fbaa2e,323c54660beecf392367d5b04f0be03fdcc256d84d16dfb78c446b384df3645e,0.5890274314214464,0.4451617210204762,0.1319505316188231
dermamnist_42_archive_rotated_normal_codebook_3,dermamnist,42,archive_rotated_normal_codebook,3,0,,a084571342430fdec3669cb81a64b809493162a3fe95a2a2cd10b6f4c65c6a95,0d55344a5e62263561a9236c29a675a1c8fed8020ed4a91efc6266a241fbaa2e,323c54660beecf392367d5b04f0be03fdcc256d84d16dfb78c446b384df3645e,0.05187032418952618,0.5310900120616256,0.014199390584961705
dermamnist_42_saved_rotated_normal_codebook_3,dermamnist,42,saved_rotated_normal_codebook,3,708267,c1a5433e64d2f899c8064b444ecfaf9178d28094f1dd84ed5cdf5874d939e6ce,b3b50c5d9e6495a1002ac1acd0837c53e1d5bd6c5b82f2bbf17ef76494d664d2,0d55344a5e62263561a9236c29a675a1c8fed8020ed4a91efc6266a241fbaa2e,323c54660beecf392367d5b04f0be03fdcc256d84d16dfb78c446b384df3645e,0.05187032418952618,0.5310160512026213,0.014199390584961705
dermamnist_42_archive_uniform_full_4,dermamnist,42,archive_uniform_full,4,0,,f6f61ab7b97c497b0127f7ca993b8c2c8f63a82f1f1de594a54b10fef0a84936,0d55344a5e62263561a9236c29a675a1c8fed8020ed4a91efc6266a241fbaa2e,323c54660beecf392367d5b04f0be03fdcc256d84d16dfb78c446b384df3645e,0.6209476309226932,0.6383638872322043,0.16407373010584864
dermamnist_42_saved_uniform_full_4,dermamnist,42,saved_uniform_full,4,895004,cae0b1f01dce5ad1e01d1b144e7e01067c8d4afb0906e4d217f2194f866441c3,98e4f1b454516384cb587831c260606042185c9096f2e8f5c8ff9bd34c8a6d73,0d55344a5e62263561a9236c29a675a1c8fed8020ed4a91efc6266a241fbaa2e,323c54660beecf392367d5b04f0be03fdcc256d84d16dfb78c446b384df3645e,0.6219451371571072,0.6383696766327517,0.16390453133457622
dermamnist_42_archive_rotated_uniform_4,dermamnist,42,archive_rotated_uniform,4,0,,544073754537e89cb321713d3c192e83e00ea32457ac1f6c293d79081b814dd5,0d55344a5e62263561a9236c29a675a1c8fed8020ed4a91efc6266a241fbaa2e,323c54660beecf392367d5b04f0be03fdcc256d84d16dfb78c446b384df3645e,0.628428927680798,0.635392993258845,0.16041437404699602
dermamnist_42_saved_rotated_uniform_4,dermamnist,42,saved_rotated_uniform,4,894980,9fcedbf1543448b592b1257840752a58b29f7c0f0fb7984a903106844dbb843d,dd020b02f8883c11a980da5c1e6349be843e49b0fe422323ebb2a8d92ad06114,0d55344a5e62263561a9236c29a675a1c8fed8020ed4a91efc6266a241fbaa2e,323c54660beecf392367d5b04f0be03fdcc256d84d16dfb78c446b384df3645e,0.628428927680798,0.6356247577518304,0.15801852684114032
dermamnist_42_archive_normal_codebook_4,dermamnist,42,archive_normal_codebook,4,0,,a3e1a5942f388602a24f1f2b73b9a756e387fa98d119c2fc859ac08043cc7ed8,0d55344a5e62263561a9236c29a675a1c8fed8020ed4a91efc6266a241fbaa2e,323c54660beecf392367d5b04f0be03fdcc256d84d16dfb78c446b384df3645e,0.24688279301745636,0.5684206738518345,0.07569138855404488
dermamnist_42_saved_normal_codebook_4,dermamnist,42,saved_normal_codebook,4,895956,446ec20c39e52132345508f7c5596eb41e1d493f16e8ce34123a70af8ce9fee3,f017615edba7423c9bae352a0e935c29e8f51421fe046a6a304b8f89e1bb351a,0d55344a5e62263561a9236c29a675a1c8fed8020ed4a91efc6266a241fbaa2e,323c54660beecf392367d5b04f0be03fdcc256d84d16dfb78c446b384df3645e,0.24039900249376558,0.5679689237129125,0.0742685866232214
dermamnist_42_archive_rotated_normal_codebook_4,dermamnist,42,archive_rotated_normal_codebook,4,0,,55b3cf648818a58e5ced517ee47e69a3acf5286d06007e7cfaa96c1bd6d4b412,0d55344a5e62263561a9236c29a675a1c8fed8020ed4a91efc6266a241fbaa2e,323c54660beecf392367d5b04f0be03fdcc256d84d16dfb78c446b384df3645e,0.6693266832917706,0.6323482675602697,0.11989974264509072
dermamnist_42_saved_rotated_normal_codebook_4,dermamnist,42,saved_rotated_normal_codebook,4,895937,33e3cfaecc9dd32fd69c05282888b20b860ecaac42488a08d709edc13b4e7229,dc51da92ee58a4a67e04c8f7d40d8e5332311b9a97566fd5ac850d91275d3677,0d55344a5e62263561a9236c29a675a1c8fed8020ed4a91efc6266a241fbaa2e,323c54660beecf392367d5b04f0be03fdcc256d84d16dfb78c446b384df3645e,0.6693266832917706,0.6321409351612848,0.11989974264509072
dermamnist_42_folded_fp32_32,dermamnist,42,folded_fp32,32,0,,bfc10202253eb5ebc08002085f1e99611ad29caa9e2f7ced9c03db8e2819fbba,0d55344a5e62263561a9236c29a675a1c8fed8020ed4a91efc6266a241fbaa2e,323c54660beecf392367d5b04f0be03fdcc256d84d16dfb78c446b384df3645e,0.7451371571072319,0.9117058995051303,0.5104533758630079
dermamnist_42_folded_uniform_2,dermamnist,42,folded_uniform,2,441676,2438bd9cb184752e468048a48a3460d59a9292bda7ecb16dc6f2e07186aaf69a,3b490d17c66efce361a4bb76dbe1b7e265b311574fce0102a83ba9fbeb7d9ba8,0d55344a5e62263561a9236c29a675a1c8fed8020ed4a91efc6266a241fbaa2e,323c54660beecf392367d5b04f0be03fdcc256d84d16dfb78c446b384df3645e,0.6673316708229426,0.499719954417941,0.11435408743216102
dermamnist_42_folded_uniform_3,dermamnist,42,folded_uniform,3,629323,9af1259e81db92f99bbbb48dd818f74070e4d59136544614ff34a28faa44e737,8b3544d8de5a36cf5f59b3975d3651fa96d1cf2d66dce8ef26eaba7d1ad154da,0d55344a5e62263561a9236c29a675a1c8fed8020ed4a91efc6266a241fbaa2e,323c54660beecf392367d5b04f0be03fdcc256d84d16dfb78c446b384df3645e,0.5910224438902744,0.4459820539785386,0.13276377957513047
dermamnist_42_folded_uniform_4,dermamnist,42,folded_uniform,4,816975,c673e8f747143586e8593ea6ecd74b3f6b6aa1b1cae7b761f790803684e92ccf,452c7c7022fee5af9f9815d060b06940d691d086b4cbf456c86c759e436e65bb,0d55344a5e62263561a9236c29a675a1c8fed8020ed4a91efc6266a241fbaa2e,323c54660beecf392367d5b04f0be03fdcc256d84d16dfb78c446b384df3645e,0.6204488778054863,0.6385801285358857,0.16342437945649801
dermamnist_42_folded_uniform_8,dermamnist,42,folded_uniform,8,1567384,a4f5d77b7c125f6ea293065a3650a5dd14f9088676a2013a6bcff498d0db1d2c,17d10397a1328d34399d4526c1e62df39cd4966ec7a2946ff724362ca4b57fdc,0d55344a5e62263561a9236c29a675a1c8fed8020ed4a91efc6266a241fbaa2e,323c54660beecf392367d5b04f0be03fdcc256d84d16dfb78c446b384df3645e,0.7481296758104738,0.9101377403066232,0.5067005145515406
dermamnist_42_cle_fp32_32,dermamnist,42,cle_fp32,32,0,,cbef5a82bb54d28579a16ef1dbb7f295dbc4f5a879cf88f434b6dc6ea227f516,0d55344a5e62263561a9236c29a675a1c8fed8020ed4a91efc6266a241fbaa2e,323c54660beecf392367d5b04f0be03fdcc256d84d16dfb78c446b384df3645e,0.7451371571072319,0.9117060985600578,0.5104533758630079
dermamnist_42_dfq_cle_bc_2,dermamnist,42,dfq_cle_bc,2,441676,16248b77c14829dd0d2711e5781af78127122c9e63dc4240862311fccca3b9c6,05f43f2345bae3672f3d1cfbfa2f646e4ccdf9c8c067850f3c9ac89ae7e740dc,0d55344a5e62263561a9236c29a675a1c8fed8020ed4a91efc6266a241fbaa2e,323c54660beecf392367d5b04f0be03fdcc256d84d16dfb78c446b384df3645e,0.6668329177057356,0.4996940956669131,0.11433702484286143
dermamnist_42_dfq_cle_bc_3,dermamnist,42,dfq_cle_bc,3,629323,5aa94cde7ac0f45314a022c0a0494bafc20975e6414c072a8a6a2c020832274d,7b704e7eca4633b445319f79091e47a18d91f8398b4974f727db67bb88e0c6a7,0d55344a5e62263561a9236c29a675a1c8fed8020ed4a91efc6266a241fbaa2e,323c54660beecf392367d5b04f0be03fdcc256d84d16dfb78c446b384df3645e,0.6648379052369078,0.6058751966497973,0.1212433695495435
dermamnist_42_dfq_cle_bc_4,dermamnist,42,dfq_cle_bc,4,816975,38ffd0e3d9b586838be87882f02bde55bd014ec2481601b918a86d102c9cbf70,9c0016fb3112e3c2fc39396540baaca85490955290561e86dcf60b05e4c37168,0d55344a5e62263561a9236c29a675a1c8fed8020ed4a91efc6266a241fbaa2e,323c54660beecf392367d5b04f0be03fdcc256d84d16dfb78c446b384df3645e,0.6089775561097257,0.5740317824485641,0.1605628643784618
dermamnist_42_dfq_cle_bc_8,dermamnist,42,dfq_cle_bc,8,1567384,584f73d00da0314f7bd5380ae7ca03205bc5ec9c3bd7011825f23a081543ca55,a70420318b3163b4b105cac43c40e09b8b979dd5af6185b320bf97927c9464b9,0d55344a5e62263561a9236c29a675a1c8fed8020ed4a91efc6266a241fbaa2e,323c54660beecf392367d5b04f0be03fdcc256d84d16dfb78c446b384df3645e,0.7521197007481297,0.9120419823963475,0.5092399403193187
dermamnist_456_archive_fp32_32,dermamnist,456,archive_fp32,32,0,,91258a98b107140a76ffc500397d40b1cb861bf44ce86ade4e653abfb77d45f4,64ae2c3a7474c7ac6d58e549752f09b71ea0fe57fc1515fdd872fc34470f897e,323c54660beecf392367d5b04f0be03fdcc256d84d16dfb78c446b384df3645e,0.7655860349127181,0.9188546498637576,0.5445291567408458
dermamnist_456_saved_fp32_32,dermamnist,456,saved_fp32,32,6179865,c0751ae4730a3221c4989d02c1e1fbe2204f9ecdaed79a1175f4b330e52a2f07,91258a98b107140a76ffc500397d40b1cb861bf44ce86ade4e653abfb77d45f4,64ae2c3a7474c7ac6d58e549752f09b71ea0fe57fc1515fdd872fc34470f897e,323c54660beecf392367d5b04f0be03fdcc256d84d16dfb78c446b384df3645e,0.7655860349127181,0.9188546498637576,0.5445291567408458
dermamnist_456_archive_fp16_16,dermamnist,456,archive_fp16,16,0,,9b722da68a971da9043cbf8c5930702ed80fac70adb34f53b984f681e6e5b0f6,64ae2c3a7474c7ac6d58e549752f09b71ea0fe57fc1515fdd872fc34470f897e,323c54660beecf392367d5b04f0be03fdcc256d84d16dfb78c446b384df3645e,0.7640897755610973,0.9189268742298743,0.5438727633374376
dermamnist_456_saved_fp16_16,dermamnist,456,saved_fp16,16,3129722,396f25382947353305e8d814da7b11f99934409a59a0bddcdf2e37f876a02e40,1be41a63704f71467dcef4642dac82e3778ddf2d642ae4141e7d42d0f5f9b55d,64ae2c3a7474c7ac6d58e549752f09b71ea0fe57fc1515fdd872fc34470f897e,323c54660beecf392367d5b04f0be03fdcc256d84d16dfb78c446b384df3645e,0.7635910224438903,0.9188039430720283,0.543662689768163
dermamnist_456_archive_int8_minmax_8,dermamnist,456,archive_int8_minmax,8,0,,2dacffe8a238189f74284cdf873510f4f44a1db8a8bfcddf606f86b830a81dc6,64ae2c3a7474c7ac6d58e549752f09b71ea0fe57fc1515fdd872fc34470f897e,323c54660beecf392367d5b04f0be03fdcc256d84d16dfb78c446b384df3645e,0.7571072319201995,0.9190871276414134,0.5371442146397991
dermamnist_456_saved_int8_minmax_8,dermamnist,456,saved_int8_minmax,8,1645424,760ff1829d3e8450ca3ec1c8fbd003454114ea6b78d901eee4acadefe417ca9c,9e7727fcab514e07fc9e3227b830c696426233a57641820a7af250f0ce124fbe,64ae2c3a7474c7ac6d58e549752f09b71ea0fe57fc1515fdd872fc34470f897e,323c54660beecf392367d5b04f0be03fdcc256d84d16dfb78c446b384df3645e,0.7561097256857855,0.9189801800448887,0.5360836033914177
dermamnist_456_archive_uniform_full_2,dermamnist,456,archive_uniform_full,2,0,,db739a6710ccdee376f75d7ef561d6667f6f272c5e75e96aa23f9c2d9671bcd7,64ae2c3a7474c7ac6d58e549752f09b71ea0fe57fc1515fdd872fc34470f897e,323c54660beecf392367d5b04f0be03fdcc256d84d16dfb78c446b384df3645e,0.6678304239401496,0.49981330294529397,0.11440533151059466
dermamnist_456_saved_uniform_full_2,dermamnist,456,saved_uniform_full,2,519665,9bd5cf1c3bb10905fba0b3849c9d34384480f5134c6f91c41c3c14e02d058754,aec2ee9a07466ec7ac9a5c5a53c740e7ea7dcbabab619dfa232a5e222ac93b0a,64ae2c3a7474c7ac6d58e549752f09b71ea0fe57fc1515fdd872fc34470f897e,323c54660beecf392367d5b04f0be03fdcc256d84d16dfb78c446b384df3645e,0.6678304239401496,0.49981330294529397,0.11440533151059466
dermamnist_456_archive_rotated_normal_codebook_2,dermamnist,456,archive_rotated_normal_codebook,2,0,,3e4c41a39963de87f51ab44ea4675e5fc976366e8a2501d0ebd138c350debe14,64ae2c3a7474c7ac6d58e549752f09b71ea0fe57fc1515fdd872fc34470f897e,323c54660beecf392367d5b04f0be03fdcc256d84d16dfb78c446b384df3645e,0.10972568578553615,0.5124105077893258,0.02825040128410915
dermamnist_456_saved_rotated_normal_codebook_2,dermamnist,456,saved_rotated_normal_codebook,2,520601,1cc5bacc31b0c165f48e498025fd9d672d468df77d70a04cd9261f8c92f9d6e1,b092e69699d8a64dc83b7a912abc7580b907af7a9c1510077b02da0fdff60ccf,64ae2c3a7474c7ac6d58e549752f09b71ea0fe57fc1515fdd872fc34470f897e,323c54660beecf392367d5b04f0be03fdcc256d84d16dfb78c446b384df3645e,0.10972568578553615,0.5124583359107525,0.02825040128410915
dermamnist_456_archive_uniform_full_3,dermamnist,456,archive_uniform_full,3,0,,70b468298685540de742459ba066a016ba311ad4ef6611172ff9c1801934548d,64ae2c3a7474c7ac6d58e549752f09b71ea0fe57fc1515fdd872fc34470f897e,323c54660beecf392367d5b04f0be03fdcc256d84d16dfb78c446b384df3645e,0.6618453865336659,0.5008174958323863,0.11760448386954411
dermamnist_456_saved_uniform_full_3,dermamnist,456,saved_uniform_full,3,707332,3133af2baee20982a408ebd4adfcc1998cb83abaac241c1d20b16e2935cdc021,74a2e4a717b69b0dcae4dc16d5c4d7c3f7388a24e04fd7749d527749039821de,64ae2c3a7474c7ac6d58e549752f09b71ea0fe57fc1515fdd872fc34470f897e,323c54660beecf392367d5b04f0be03fdcc256d84d16dfb78c446b384df3645e,0.6623441396508728,0.5009701367746823,0.1164287595703285
dermamnist_456_archive_rotated_normal_codebook_3,dermamnist,456,archive_rotated_normal_codebook,3,0,,9e2687fd8834f6cba5a7edf6767fccd92ee987260226dfbea6d9f1bac748869f,64ae2c3a7474c7ac6d58e549752f09b71ea0fe57fc1515fdd872fc34470f897e,323c54660beecf392367d5b04f0be03fdcc256d84d16dfb78c446b384df3645e,0.6628428927680798,0.4750415903174371,0.11389150741280316
dermamnist_456_saved_rotated_normal_codebook_3,dermamnist,456,saved_rotated_normal_codebook,3,708267,9deb52d315a3fe7a746a6a1fb689990dd49fb0d248c3bb0faf0985c8d6417443,899ebc719974725c81f8c2171d28c7b0f7b48e2d386515feb16001fe4ff66cc5,64ae2c3a7474c7ac6d58e549752f09b71ea0fe57fc1515fdd872fc34470f897e,323c54660beecf392367d5b04f0be03fdcc256d84d16dfb78c446b384df3645e,0.6628428927680798,0.4752042097361589,0.11389150741280316
dermamnist_456_archive_uniform_full_4,dermamnist,456,archive_uniform_full,4,0,,59d8827412f87a87de356f05fa3e91deaa588c9206fa13c75c64e90a9d5aad13,64ae2c3a7474c7ac6d58e549752f09b71ea0fe57fc1515fdd872fc34470f897e,323c54660beecf392367d5b04f0be03fdcc256d84d16dfb78c446b384df3645e,0.6169576059850375,0.6141385778208787,0.14588720678261535
dermamnist_456_saved_uniform_full_4,dermamnist,456,saved_uniform_full,4,895004,26662c289f8aacf51dfba84717d21f572cee4b91358a3b37120b15d3630a0fed,f3307ae7006599c6754df273de53abef4b1b3ba3cd2a9e3404be5dc92abc0279,64ae2c3a7474c7ac6d58e549752f09b71ea0fe57fc1515fdd872fc34470f897e,323c54660beecf392367d5b04f0be03fdcc256d84d16dfb78c446b384df3645e,0.6154613466334165,0.6140547315092565,0.14565693650771397
dermamnist_456_archive_rotated_uniform_4,dermamnist,456,archive_rotated_uniform,4,0,,40cef282f96e00097d52c0bee5fc5fe531cbcbcfa700840197241f57bc100495,64ae2c3a7474c7ac6d58e549752f09b71ea0fe57fc1515fdd872fc34470f897e,323c54660beecf392367d5b04f0be03fdcc256d84d16dfb78c446b384df3645e,0.5351620947630923,0.7146179245157616,0.25165643795415654
dermamnist_456_saved_rotated_uniform_4,dermamnist,456,saved_rotated_uniform,4,894980,896020e3dfe19239bdca0372c701a951793a264ee171b863809629f1bf443723,ba5bffebfa12f0b112e105b81b4b94d4776fd46ddc4d77e2a5a5b1f99a637856,64ae2c3a7474c7ac6d58e549752f09b71ea0fe57fc1515fdd872fc34470f897e,323c54660beecf392367d5b04f0be03fdcc256d84d16dfb78c446b384df3645e,0.5351620947630923,0.7139093429616157,0.2518617644062563
dermamnist_456_archive_normal_codebook_4,dermamnist,456,archive_normal_codebook,4,0,,fabd4da936ce7e2b741f8632d99cbd20284a2a939479209111a1929bb6c78ec0,64ae2c3a7474c7ac6d58e549752f09b71ea0fe57fc1515fdd872fc34470f897e,323c54660beecf392367d5b04f0be03fdcc256d84d16dfb78c446b384df3645e,0.6458852867830424,0.6004308851719232,0.1202133837447797
dermamnist_456_saved_normal_codebook_4,dermamnist,456,saved_normal_codebook,4,895956,88898dd1375caaaaf43e295546f02380c233496d1e4806c2114843af8e86689d,5823e7f014c6bbb9edde5635aa1008358cb1840c3274923674903d6987f017e9,64ae2c3a7474c7ac6d58e549752f09b71ea0fe57fc1515fdd872fc34470f897e,323c54660beecf392367d5b04f0be03fdcc256d84d16dfb78c446b384df3645e,0.6458852867830424,0.6007960563357144,0.1202133837447797
dermamnist_456_archive_rotated_normal_codebook_4,dermamnist,456,archive_rotated_normal_codebook,4,0,,c25a48dc7c0cf1c97a3f29e11db9a4d8bee4e00c68690cf0ed779521a93a50be,64ae2c3a7474c7ac6d58e549752f09b71ea0fe57fc1515fdd872fc34470f897e,323c54660beecf392367d5b04f0be03fdcc256d84d16dfb78c446b384df3645e,0.6688279301745635,0.639109375396198,0.11450772777730338
dermamnist_456_saved_rotated_normal_codebook_4,dermamnist,456,saved_rotated_normal_codebook,4,895937,56b41d5c8b07237d3d616e12b76da38d6803b9b2205de3a0d99a5d7e6327a688,343b8636a7a4749f162c2b2ec4bf6fc4ce23863f4427580cb766c4fbe83a8763,64ae2c3a7474c7ac6d58e549752f09b71ea0fe57fc1515fdd872fc34470f897e,323c54660beecf392367d5b04f0be03fdcc256d84d16dfb78c446b384df3645e,0.6688279301745635,0.6386971973268399,0.11450772777730338
dermamnist_456_folded_fp32_32,dermamnist,456,folded_fp32,32,0,,896e380930a8345ffa3b1d5588700b5919840ffd0fa111c8c611042c12e422f8,64ae2c3a7474c7ac6d58e549752f09b71ea0fe57fc1515fdd872fc34470f897e,323c54660beecf392367d5b04f0be03fdcc256d84d16dfb78c446b384df3645e,0.7655860349127181,0.918854205863276,0.5445291567408458
dermamnist_456_folded_uniform_2,dermamnist,456,folded_uniform,2,441676,a34e0c8c24fe82c0f3e13371445dd08583b9e72ebb5032092eeb36a3687954a6,49829020f290d059c90202dfcc4ad66ba276d16e175d2d475370fdf721cf599f,64ae2c3a7474c7ac6d58e549752f09b71ea0fe57fc1515fdd872fc34470f897e,323c54660beecf392367d5b04f0be03fdcc256d84d16dfb78c446b384df3645e,0.6678304239401496,0.49981330294529397,0.11440533151059466
dermamnist_456_folded_uniform_3,dermamnist,456,folded_uniform,3,629323,6945f280c574b16fd4ec3c20ca8fba90d624c23de1498b708566cc7874d38a8b,ef3049757b98ae3e9e309de25ca8f7f9836b557871b6fbc376f68a53520159ab,64ae2c3a7474c7ac6d58e549752f09b71ea0fe57fc1515fdd872fc34470f897e,323c54660beecf392367d5b04f0be03fdcc256d84d16dfb78c446b384df3645e,0.6623441396508728,0.4999159640636818,0.1176033195241238
dermamnist_456_folded_uniform_4,dermamnist,456,folded_uniform,4,816975,3a1e63b16c5335555c3292ceb3427a2ab4db1337bf1cad638b9e9c9a46b868b3,99ab912e3250005d3e3c62a4b967cd62715cda7e1962d96eacd411da79165266,64ae2c3a7474c7ac6d58e549752f09b71ea0fe57fc1515fdd872fc34470f897e,323c54660beecf392367d5b04f0be03fdcc256d84d16dfb78c446b384df3645e,0.6174563591022444,0.6147808607549196,0.14605861412458812
dermamnist_456_folded_uniform_8,dermamnist,456,folded_uniform,8,1567384,f57cc81cfa4a2efc9b32b88a1557cac228f9354d393f078234c7074efc93bd58,5f19347c8f30aac547fb3615e2afdb019bad623a07393b977f0429f9e22077d6,64ae2c3a7474c7ac6d58e549752f09b71ea0fe57fc1515fdd872fc34470f897e,323c54660beecf392367d5b04f0be03fdcc256d84d16dfb78c446b384df3645e,0.7581047381546134,0.9192470087706522,0.5382532429496679
dermamnist_456_cle_fp32_32,dermamnist,456,cle_fp32,32,0,,067dbc21fbca1da19b0ae51d3c7c733193f33a37e4c1edc513ec7139748b5853,64ae2c3a7474c7ac6d58e549752f09b71ea0fe57fc1515fdd872fc34470f897e,323c54660beecf392367d5b04f0be03fdcc256d84d16dfb78c446b384df3645e,0.7655860349127181,0.9188545696451523,0.5445291567408458
dermamnist_456_dfq_cle_bc_2,dermamnist,456,dfq_cle_bc,2,441676,3e3e7930845f70b5201bf621a371d939808ce2cfb9572492eab7c2bcce3dbdb1,b93303c8f86995655e9da4b49d3a19f6768b8b00c78b6af63dc5772a43fbce4c,64ae2c3a7474c7ac6d58e549752f09b71ea0fe57fc1515fdd872fc34470f897e,323c54660beecf392367d5b04f0be03fdcc256d84d16dfb78c446b384df3645e,0.6688279301745635,0.5,0.11450772777730338
dermamnist_456_dfq_cle_bc_3,dermamnist,456,dfq_cle_bc,3,629323,7b570ceabf509715374d9341f57969f7a2b1679917ff67f028f4ea8dbe25959b,43e583009ab102d966e1e175f740746c4dbbbf13457ab422cad9ec5a387950f0,64ae2c3a7474c7ac6d58e549752f09b71ea0fe57fc1515fdd872fc34470f897e,323c54660beecf392367d5b04f0be03fdcc256d84d16dfb78c446b384df3645e,0.6319201995012469,0.5494269442362452,0.11974681917597742
dermamnist_456_dfq_cle_bc_4,dermamnist,456,dfq_cle_bc,4,816975,074ba3ad37e8ed7f6b6e1a7c0f765d0ad3db0bfb8e4ff3e1d798ed6a34e40f85,a96aa5a23351366f6d74e42709cd90f854cdf6ca688308240cd8c7e75f6ff24e,64ae2c3a7474c7ac6d58e549752f09b71ea0fe57fc1515fdd872fc34470f897e,323c54660beecf392367d5b04f0be03fdcc256d84d16dfb78c446b384df3645e,0.6428927680798004,0.709845158302473,0.2264052510246418
dermamnist_456_dfq_cle_bc_8,dermamnist,456,dfq_cle_bc,8,1567384,c45007cf89fd77d12b60709306642563d83d6e12f5daf75268ef183eabae4fdc,61830c789624b25603d19e86c2884b6990946a007628b5772cf60ea637db7fd3,64ae2c3a7474c7ac6d58e549752f09b71ea0fe57fc1515fdd872fc34470f897e,323c54660beecf392367d5b04f0be03fdcc256d84d16dfb78c446b384df3645e,0.7566084788029925,0.918654849810012,0.5391099759857327
pathmnist_123_archive_fp32_32,pathmnist,123,archive_fp32,32,0,,5f26ff5f751f3a16e96e59532470583d57b6c779d17f82af8da0bf27bd8463b1,34da9da67fa45795b9b8929c57694772282eb2e017dd76f16b290d0b01b16f3b,d3dfa8f9d5603ea47d2a1a033a45d17426b0b5c08da631a0ad4eb45e37e3fe9d,0.8945682451253482,0.9896060524106277,0.8654283618992423
pathmnist_123_saved_fp32_32,pathmnist,123,saved_fp32,32,6188065,d65b5d9838c08ecbfd736d036227f1a778077e226f2c39c6d8db6bdcb82342f3,5f26ff5f751f3a16e96e59532470583d57b6c779d17f82af8da0bf27bd8463b1,34da9da67fa45795b9b8929c57694772282eb2e017dd76f16b290d0b01b16f3b,d3dfa8f9d5603ea47d2a1a033a45d17426b0b5c08da631a0ad4eb45e37e3fe9d,0.8945682451253482,0.9896060524106277,0.8654283618992423
pathmnist_123_archive_fp16_16,pathmnist,123,archive_fp16,16,0,,59a431cbb20df0a44ef7efb25a8aa69062383c81216bbf47c5f83c10546de090,34da9da67fa45795b9b8929c57694772282eb2e017dd76f16b290d0b01b16f3b,d3dfa8f9d5603ea47d2a1a033a45d17426b0b5c08da631a0ad4eb45e37e3fe9d,0.8944289693593315,0.9895770268931722,0.8652841246640404
pathmnist_123_saved_fp16_16,pathmnist,123,saved_fp16,16,3133822,a6a64309a30b335aa5249382fc5aaa10f047ace269fe193152da56dea604e35a,f0569ff305e10190ae0aa840bda8be0bf956fcda2ecc487d76419bca575f4ef0,34da9da67fa45795b9b8929c57694772282eb2e017dd76f16b290d0b01b16f3b,d3dfa8f9d5603ea47d2a1a033a45d17426b0b5c08da631a0ad4eb45e37e3fe9d,0.8945682451253482,0.9896284851283019,0.8653726413314168
pathmnist_123_archive_int8_minmax_8,pathmnist,123,archive_int8_minmax,8,0,,e4d91093f1ea72116ebb4bf148ceddd578404949ad3d4f734d84bbff83d3c90c,34da9da67fa45795b9b8929c57694772282eb2e017dd76f16b290d0b01b16f3b,d3dfa8f9d5603ea47d2a1a033a45d17426b0b5c08da631a0ad4eb45e37e3fe9d,0.8945682451253482,0.9885552590572841,0.8648191815942259
pathmnist_123_saved_int8_minmax_8,pathmnist,123,saved_int8_minmax,8,1647480,9e7355d081362ab140491549a0f258cbd44aea9227590253e48bb9a16ad65357,aafa5acc1648849fae1f3f6ed3332b5945e21d08050cdf2b244e297fc334067e,34da9da67fa45795b9b8929c57694772282eb2e017dd76f16b290d0b01b16f3b,d3dfa8f9d5603ea47d2a1a033a45d17426b0b5c08da631a0ad4eb45e37e3fe9d,0.8958217270194986,0.9886573721455301,0.8662973166163962
pathmnist_123_archive_uniform_full_2,pathmnist,123,archive_uniform_full,2,0,,84f1d3a3e5b202b4e79fe9e100b86dea16ba6650c7285982ad073be464289ff5,34da9da67fa45795b9b8929c57694772282eb2e017dd76f16b290d0b01b16f3b,d3dfa8f9d5603ea47d2a1a033a45d17426b0b5c08da631a0ad4eb45e37e3fe9d,0.07674094707520891,0.48164510946035693,0.0663129497096955
pathmnist_123_saved_uniform_full_2,pathmnist,123,saved_uniform_full,2,521721,3e524f19ad09c8f2223f04f5182c3062ff320e5d7f879d815d0d0399d485eaef,b251709ad3a850cd58f56ca02445d675c5c709064ad7aaa4de57a7d9f474ec76,34da9da67fa45795b9b8929c57694772282eb2e017dd76f16b290d0b01b16f3b,d3dfa8f9d5603ea47d2a1a033a45d17426b0b5c08da631a0ad4eb45e37e3fe9d,0.07855153203342619,0.4824212990623923,0.06704156346688021
pathmnist_123_archive_rotated_normal_codebook_2,pathmnist,123,archive_rotated_normal_codebook,2,0,,699ff9e593f30956932a1a286eb90f2f5b80ff9c52df4a613738a3000a11999e,34da9da67fa45795b9b8929c57694772282eb2e017dd76f16b290d0b01b16f3b,d3dfa8f9d5603ea47d2a1a033a45d17426b0b5c08da631a0ad4eb45e37e3fe9d,0.14415041782729804,0.4167879725900585,0.028314662070663545
pathmnist_123_saved_rotated_normal_codebook_2,pathmnist,123,saved_rotated_normal_codebook,2,522656,5ffecb4cade7a12ecf5e7a9d758675b60af947e92e562fd6df10520ad425fb14,39f36b36ce8b4200068aac89cad697072f2f511710b5423e1cdfa5f5ac67bf36,34da9da67fa45795b9b8929c57694772282eb2e017dd76f16b290d0b01b16f3b,d3dfa8f9d5603ea47d2a1a033a45d17426b0b5c08da631a0ad4eb45e37e3fe9d,0.14415041782729804,0.4167616665309549,0.028328611898016998
pathmnist_123_archive_uniform_full_3,pathmnist,123,archive_uniform_full,3,0,,70856ac1afa85acb4a00ffb05f124abbf3c15e7dce686b5ea3e575c44609be4c,34da9da67fa45795b9b8929c57694772282eb2e017dd76f16b290d0b01b16f3b,d3dfa8f9d5603ea47d2a1a033a45d17426b0b5c08da631a0ad4eb45e37e3fe9d,0.09707520891364903,0.4933091655473617,0.05631986593097939
pathmnist_123_saved_uniform_full_3,pathmnist,123,saved_uniform_full,3,709388,595a5e1621404ba2cc415a2d70b66dee510fbd85dc0146aba7cb807cf535f639,0a312cdb4d714b6c58b46a82331a8cb54910d442e4d700a592d6f27d8a5ed697,34da9da67fa45795b9b8929c57694772282eb2e017dd76f16b290d0b01b16f3b,d3dfa8f9d5603ea47d2a1a033a45d17426b0b5c08da631a0ad4eb45e37e3fe9d,0.09735376044568245,0.4933454905732281,0.05640196780777865
pathmnist_123_archive_rotated_normal_codebook_3,pathmnist,123,archive_rotated_normal_codebook,3,0,,2679475e658602518ad139c64eae98170fd4243a6cf6f81d8df67e7fbafe4b2b,34da9da67fa45795b9b8929c57694772282eb2e017dd76f16b290d0b01b16f3b,d3dfa8f9d5603ea47d2a1a033a45d17426b0b5c08da631a0ad4eb45e37e3fe9d,0.04721448467966574,0.5746139438569117,0.01001906281863723
pathmnist_123_saved_rotated_normal_codebook_3,pathmnist,123,saved_rotated_normal_codebook,3,710322,5acb91a1566228765f7cf7a8c7666087c310454cf661de8377272533e14b511e,aad1b1261ee4c863e3f06357f9a8bf36b9a605f77a1dbda794abafcad5ae2851,34da9da67fa45795b9b8929c57694772282eb2e017dd76f16b290d0b01b16f3b,d3dfa8f9d5603ea47d2a1a033a45d17426b0b5c08da631a0ad4eb45e37e3fe9d,0.04721448467966574,0.5743836667785455,0.01001906281863723
pathmnist_123_archive_uniform_full_4,pathmnist,123,archive_uniform_full,4,0,,b00175899edcd811290094acc496e714a411438e5b5daf60a0242f3a2cb5cc5c,34da9da67fa45795b9b8929c57694772282eb2e017dd76f16b290d0b01b16f3b,d3dfa8f9d5603ea47d2a1a033a45d17426b0b5c08da631a0ad4eb45e37e3fe9d,0.43537604456824514,0.813989042087273,0.38842178399010663
pathmnist_123_saved_uniform_full_4,pathmnist,123,saved_uniform_full,4,897060,bce1591a1d22014ae267535381cec989180d4d1d03addb870764dd7756ffa116,9106751cb286e2f674112aec60e5b4f3721cfd846fb2a1373126db4753e17fc2,34da9da67fa45795b9b8929c57694772282eb2e017dd76f16b290d0b01b16f3b,d3dfa8f9d5603ea47d2a1a033a45d17426b0b5c08da631a0ad4eb45e37e3fe9d,0.43454038997214484,0.8130728731640192,0.3875005840071661
pathmnist_123_archive_rotated_uniform_4,pathmnist,123,archive_rotated_uniform,4,0,,2d0579181be2164ce3aea2bfe8b83d6a84c09ab88a148cb68b631b3f97987b6b,34da9da67fa45795b9b8929c57694772282eb2e017dd76f16b290d0b01b16f3b,d3dfa8f9d5603ea47d2a1a033a45d17426b0b5c08da631a0ad4eb45e37e3fe9d,0.6622562674094707,0.922772753635128,0.5863794803466178
pathmnist_123_saved_rotated_uniform_4,pathmnist,123,saved_rotated_uniform,4,897036,5cdf12a4a628012fdaf03f4bccf1390abb3e9c2be91421369274856c470c9ba5,b7d1133419e0d2b6afa888d8e9228c05b01fd4bfd2b9920624205df37d22bbb7,34da9da67fa45795b9b8929c57694772282eb2e017dd76f16b290d0b01b16f3b,d3dfa8f9d5603ea47d2a1a033a45d17426b0b5c08da631a0ad4eb45e37e3fe9d,0.6615598885793872,0.922097857341465,0.5860063050687908
pathmnist_123_archive_normal_codebook_4,pathmnist,123,archive_normal_codebook,4,0,,572dbebf3cc1593982c0a1a05774cd4e14d7565548ec68448b6b90ce1a5f4efe,34da9da67fa45795b9b8929c57694772282eb2e017dd76f16b290d0b01b16f3b,d3dfa8f9d5603ea47d2a1a033a45d17426b0b5c08da631a0ad4eb45e37e3fe9d,0.048467966573816156,0.6785186574388875,0.011932753962829152
pathmnist_123_saved_normal_codebook_4,pathmnist,123,saved_normal_codebook,4,898011,52b7d809f239d42c0f7e6dc77c75f346dcb47f4311363f5fdd50fb777fd36b36,605b62031536c80737b7534971026e2a8d91e0c9084a9ce8ff7269fac4bf4742,34da9da67fa45795b9b8929c57694772282eb2e017dd76f16b290d0b01b16f3b,d3dfa8f9d5603ea47d2a1a033a45d17426b0b5c08da631a0ad4eb45e37e3fe9d,0.04874651810584958,0.6782359231822498,0.01233353375041973
pathmnist_123_archive_rotated_normal_codebook_4,pathmnist,123,archive_rotated_normal_codebook,4,0,,37247ffcd057508591c16b1a14696fafa117e7f891357fbfac87fc56fb771e26,34da9da67fa45795b9b8929c57694772282eb2e017dd76f16b290d0b01b16f3b,d3dfa8f9d5603ea47d2a1a033a45d17426b0b5c08da631a0ad4eb45e37e3fe9d,0.051949860724233986,0.6804574053963603,0.020845590468746657
pathmnist_123_saved_rotated_normal_codebook_4,pathmnist,123,saved_rotated_normal_codebook,4,897992,5c3e31f45a92ff94a947b5458d44f6fa04bb940f66aa76a4ca772e6e99b1eac3,1bfb91f3fdb7bffc5ca61ad5b1d9f483aca7149c3f9a7991df738176ffdedd90,34da9da67fa45795b9b8929c57694772282eb2e017dd76f16b290d0b01b16f3b,d3dfa8f9d5603ea47d2a1a033a45d17426b0b5c08da631a0ad4eb45e37e3fe9d,0.051949860724233986,0.6804748230798671,0.020859022159228507
pathmnist_123_folded_fp32_32,pathmnist,123,folded_fp32,32,0,,bc67b6e9bde10c5dd2224b4fda6231d3633331b180f54b6dffbd79a1e504da8c,34da9da67fa45795b9b8929c57694772282eb2e017dd76f16b290d0b01b16f3b,d3dfa8f9d5603ea47d2a1a033a45d17426b0b5c08da631a0ad4eb45e37e3fe9d,0.8945682451253482,0.9896061520986744,0.8654283618992423
pathmnist_123_folded_uniform_2,pathmnist,123,folded_uniform,2,443732,ade5e6f4698a61c120f3d6cefde6a15a1a6f1f712c3fb034a19d17524012ddca,2ca5a746f4ad5db1683dc58c52475b1abaf5692593a37cf788180595cf557b54,34da9da67fa45795b9b8929c57694772282eb2e017dd76f16b290d0b01b16f3b,d3dfa8f9d5603ea47d2a1a033a45d17426b0b5c08da631a0ad4eb45e37e3fe9d,0.07701949860724235,0.48171276631986015,0.0668382611546175
pathmnist_123_folded_uniform_3,pathmnist,123,folded_uniform,3,631379,871ea8192f62bdf59c5794f3a7fb99362c20d4e6e210cffb0d842dc4d829b2a6,2416960bc92b68d616cb74cc5f2ff164bc4f123618917408a16bc3037557a1e2,34da9da67fa45795b9b8929c57694772282eb2e017dd76f16b290d0b01b16f3b,d3dfa8f9d5603ea47d2a1a033a45d17426b0b5c08da631a0ad4eb45e37e3fe9d,0.09749303621169916,0.493322268423933,0.056475826214066806
pathmnist_123_folded_uniform_4,pathmnist,123,folded_uniform,4,819031,285797ca697027da3f6b73aca92ad6280d6694f05bd9e5c269de44536a65c453,5c003d0712aec5eb9652c110274aade716618cb8b5a71f76ee247f46f25d02f1,34da9da67fa45795b9b8929c57694772282eb2e017dd76f16b290d0b01b16f3b,d3dfa8f9d5603ea47d2a1a033a45d17426b0b5c08da631a0ad4eb45e37e3fe9d,0.43454038997214484,0.8134189863122251,0.38808365271848355
pathmnist_123_folded_uniform_8,pathmnist,123,folded_uniform,8,1569440,a59b508776def74ef03ab7eceece7759d6ceb5a7f538e475456b1d5262802e93,f3cdf6c11ab42e0af9b73e3a31388090774be67dccb7b53369418d6b47e0d22c,34da9da67fa45795b9b8929c57694772282eb2e017dd76f16b290d0b01b16f3b,d3dfa8f9d5603ea47d2a1a033a45d17426b0b5c08da631a0ad4eb45e37e3fe9d,0.8944289693593315,0.9885196760294753,0.8646247402961955
pathmnist_123_cle_fp32_32,pathmnist,123,cle_fp32,32,0,,8d94fa367b38cc38ebe71177f23cdce0069ae1b8d168c4374c572acafd37583b,34da9da67fa45795b9b8929c57694772282eb2e017dd76f16b290d0b01b16f3b,d3dfa8f9d5603ea47d2a1a033a45d17426b0b5c08da631a0ad4eb45e37e3fe9d,0.8945682451253482,0.9896061753860668,0.8654283618992423
pathmnist_123_dfq_cle_bc_2,pathmnist,123,dfq_cle_bc,2,443732,815f88cf1e86f4ee5e563bad5b2a19e4ff946a08c1089875a4ddfb51de6319c8,4373a69120629f4c72bae066650e82c0c67e0ee7d319438341961d0214d45810,34da9da67fa45795b9b8929c57694772282eb2e017dd76f16b290d0b01b16f3b,d3dfa8f9d5603ea47d2a1a033a45d17426b0b5c08da631a0ad4eb45e37e3fe9d,0.06699164345403899,0.4843254247739686,0.055517715869765685
pathmnist_123_dfq_cle_bc_3,pathmnist,123,dfq_cle_bc,3,631379,ca21311e9e86295a97dda8270373f9754b34807f8e98ccb622a4cc516f7f364a,f2b91fad64bec77a476afd89096d05c94c2d9ddf2b9560097fedbcafb18e906e,34da9da67fa45795b9b8929c57694772282eb2e017dd76f16b290d0b01b16f3b,d3dfa8f9d5603ea47d2a1a033a45d17426b0b5c08da631a0ad4eb45e37e3fe9d,0.1201949860724234,0.5344784425235667,0.10025901942807319
pathmnist_123_dfq_cle_bc_4,pathmnist,123,dfq_cle_bc,4,819031,3b111652b2d0c150a70f91bf33b3dae19e2f28963961aee8695ef4d9dbc2a912,2e5ea3da3e79230250b7b1c4cdab2966aac39dc4996c5f0b97e4025ce52c899e,34da9da67fa45795b9b8929c57694772282eb2e017dd76f16b290d0b01b16f3b,d3dfa8f9d5603ea47d2a1a033a45d17426b0b5c08da631a0ad4eb45e37e3fe9d,0.6023676880222841,0.9204818953083223,0.5324249145566203
pathmnist_123_dfq_cle_bc_8,pathmnist,123,dfq_cle_bc,8,1569440,efb4b2de5bebf0ff951676684c87bbfc5f712ae4ea2824299990e46d37d7448e,fb6613841c6d7f5942050cc7cac749ab2467b2be2af5760454c4207751e31b57,34da9da67fa45795b9b8929c57694772282eb2e017dd76f16b290d0b01b16f3b,d3dfa8f9d5603ea47d2a1a033a45d17426b0b5c08da631a0ad4eb45e37e3fe9d,0.8962395543175488,0.9886192534757711,0.8668969836163268
pathmnist_42_archive_fp32_32,pathmnist,42,archive_fp32,32,0,,1e937d322eb9c2085c31731ceba35421acfb0d77464c59cfc2fdaef54d017303,f293f979bed796195b85b18c22479a0de8fc2e98dba2cd1dad5b97f4258645a0,d3dfa8f9d5603ea47d2a1a033a45d17426b0b5c08da631a0ad4eb45e37e3fe9d,0.9005571030640669,0.9912022128885677,0.8690900924378954
pathmnist_42_saved_fp32_32,pathmnist,42,saved_fp32,32,6188065,8bc0c04585809a82fcee3994fa7a50cae1ef90b591e250f759573fc3c8eb5455,1e937d322eb9c2085c31731ceba35421acfb0d77464c59cfc2fdaef54d017303,f293f979bed796195b85b18c22479a0de8fc2e98dba2cd1dad5b97f4258645a0,d3dfa8f9d5603ea47d2a1a033a45d17426b0b5c08da631a0ad4eb45e37e3fe9d,0.9005571030640669,0.9912022128885677,0.8690900924378954
pathmnist_42_archive_fp16_16,pathmnist,42,archive_fp16,16,0,,3c45e017b3302cfb4cef07699afa77d583dc6d02857c0db8ca59acdcb9e32e8c,f293f979bed796195b85b18c22479a0de8fc2e98dba2cd1dad5b97f4258645a0,d3dfa8f9d5603ea47d2a1a033a45d17426b0b5c08da631a0ad4eb45e37e3fe9d,0.8997214484679665,0.9911536889679794,0.8680834398175767
pathmnist_42_saved_fp16_16,pathmnist,42,saved_fp16,16,3133822,6682454af87155076317aae64d19d9d6918b73840b6733d3003d36998103ee9f,d9ef25a6f99073f15961193efa9996bd8a832b5c4b3f6e7e9ec79e4adf3cb2c8,f293f979bed796195b85b18c22479a0de8fc2e98dba2cd1dad5b97f4258645a0,d3dfa8f9d5603ea47d2a1a033a45d17426b0b5c08da631a0ad4eb45e37e3fe9d,0.8994428969359332,0.9910889438630801,0.8677758375508312
pathmnist_42_archive_int8_minmax_8,pathmnist,42,archive_int8_minmax,8,0,,0e224f299fabcb692f6eebe4322caa8e379c050baaef074f844d7f53fbcce3a5,f293f979bed796195b85b18c22479a0de8fc2e98dba2cd1dad5b97f4258645a0,d3dfa8f9d5603ea47d2a1a033a45d17426b0b5c08da631a0ad4eb45e37e3fe9d,0.897075208913649,0.9910962936159764,0.8679875779346095
pathmnist_42_saved_int8_minmax_8,pathmnist,42,saved_int8_minmax,8,1647480,a672977bc940dff48841913b438eb0361731559b010965b3fd004e07f6cc7178,e782f31fba35930b93223c10302d1a1951fe80c94e436949bf7a46486925f722,f293f979bed796195b85b18c22479a0de8fc2e98dba2cd1dad5b97f4258645a0,d3dfa8f9d5603ea47d2a1a033a45d17426b0b5c08da631a0ad4eb45e37e3fe9d,0.8966573816155989,0.9910454792141274,0.867549842629546
pathmnist_42_archive_uniform_full_2,pathmnist,42,archive_uniform_full,2,0,,746fd884f3dee4a001c9993e4dbe54ade3b214a839c331faab63d0bd1ac8031c,f293f979bed796195b85b18c22479a0de8fc2e98dba2cd1dad5b97f4258645a0,d3dfa8f9d5603ea47d2a1a033a45d17426b0b5c08da631a0ad4eb45e37e3fe9d,0.12409470752089137,0.5030738376364656,0.10052196475595188
pathmnist_42_saved_uniform_full_2,pathmnist,42,saved_uniform_full,2,521721,4916c7a6401c04dd68aa4f66cba01fa746952acac9caae328867b3d61ef49d57,6db6bdf708f478ae72b456373c186bb2ad1b790ad48faa8ee4e28508a8fcb929,f293f979bed796195b85b18c22479a0de8fc2e98dba2cd1dad5b97f4258645a0,d3dfa8f9d5603ea47d2a1a033a45d17426b0b5c08da631a0ad4eb45e37e3fe9d,0.12353760445682452,0.5023257069234892,0.0986848249960442
pathmnist_42_archive_rotated_normal_codebook_2,pathmnist,42,archive_rotated_normal_codebook,2,0,,36b3cc2f235189b636f53548e6fc31c4013350c9f2196c307219a5d1e61250da,f293f979bed796195b85b18c22479a0de8fc2e98dba2cd1dad5b97f4258645a0,d3dfa8f9d5603ea47d2a1a033a45d17426b0b5c08da631a0ad4eb45e37e3fe9d,0.03969359331476323,0.3476142221962535,0.026554944318884045
pathmnist_42_saved_rotated_normal_codebook_2,pathmnist,42,saved_rotated_normal_codebook,2,522657,53bd9fc782c63d70571579a40d71ca17850635635e93915bb12cc429cf45e50d,237d58edd64f03f52899f35a13b4765fede8b12561ab397c2b1523db9feb57a3,f293f979bed796195b85b18c22479a0de8fc2e98dba2cd1dad5b97f4258645a0,d3dfa8f9d5603ea47d2a1a033a45d17426b0b5c08da631a0ad4eb45e37e3fe9d,0.041364902506963785,0.34766689311701104,0.02710933505433439
pathmnist_42_archive_uniform_full_3,pathmnist,42,archive_uniform_full,3,0,,376070d6ca12f029b49bae33633eec65ef8405e5754c5b099ccd2d7f262463ae,f293f979bed796195b85b18c22479a0de8fc2e98dba2cd1dad5b97f4258645a0,d3dfa8f9d5603ea47d2a1a033a45d17426b0b5c08da631a0ad4eb45e37e3fe9d,0.07548746518105849,0.4769415741285115,0.046100056505496936
pathmnist_42_saved_uniform_full_3,pathmnist,42,saved_uniform_full,3,709388,17fec8f34e1f9cd49292d86c5f13d1d55c929d31dfbb3d359160a960540f329f,026b870dd7e751b8cb55f937780ff0db55a478aa4e7e492c66d2aead0877be4d,f293f979bed796195b85b18c22479a0de8fc2e98dba2cd1dad5b97f4258645a0,d3dfa8f9d5603ea47d2a1a033a45d17426b0b5c08da631a0ad4eb45e37e3fe9d,0.07562674094707521,0.47699681426588775,0.04586175334439578
pathmnist_42_archive_rotated_normal_codebook_3,pathmnist,42,archive_rotated_normal_codebook,3,0,,3cf493775ad1099fb46ee9fea0ee8487b44343b24b0e8977774535355271978c,f293f979bed796195b85b18c22479a0de8fc2e98dba2cd1dad5b97f4258645a0,d3dfa8f9d5603ea47d2a1a033a45d17426b0b5c08da631a0ad4eb45e37e3fe9d,0.117966573816156,0.6707101149833107,0.02356017301567433
pathmnist_42_saved_rotated_normal_codebook_3,pathmnist,42,saved_rotated_normal_codebook,3,710323,ab0d40eee6bb69c8c21fc719a875e60d9a55bf73ccc2bde787a19c3cf7e01366,0bcb2e93dad4f73fbb22682c6823a9062c2092f1c2efced4d5fc9ef60ea43bd8,f293f979bed796195b85b18c22479a0de8fc2e98dba2cd1dad5b97f4258645a0,d3dfa8f9d5603ea47d2a1a033a45d17426b0b5c08da631a0ad4eb45e37e3fe9d,0.117966573816156,0.6708908343886217,0.023566072645827246
pathmnist_42_archive_uniform_full_4,pathmnist,42,archive_uniform_full,4,0,,83e06656602586710382f1503daba6c0d0cf4d1132798910c9b5eba2abccba30,f293f979bed796195b85b18c22479a0de8fc2e98dba2cd1dad5b97f4258645a0,d3dfa8f9d5603ea47d2a1a033a45d17426b0b5c08da631a0ad4eb45e37e3fe9d,0.6247910863509749,0.9226199432526688,0.5416158554907038
pathmnist_42_saved_uniform_full_4,pathmnist,42,saved_uniform_full,4,897060,4e303933f2f6c3b078e3a41d68098fe2d5b72244341fbba3c9a7ac6f90d89d90,490944fa317ee803978f824683056203f7e5c9396d3a15533c122d3ee2eb799a,f293f979bed796195b85b18c22479a0de8fc2e98dba2cd1dad5b97f4258645a0,d3dfa8f9d5603ea47d2a1a033a45d17426b0b5c08da631a0ad4eb45e37e3fe9d,0.6239554317548747,0.9221369466245266,0.5404540031898385
pathmnist_42_archive_rotated_uniform_4,pathmnist,42,archive_rotated_uniform,4,0,,d853a11cac4f5f6d5e647a3a28fc595ab7a690997d8dcd1b36aefe193765bc10,f293f979bed796195b85b18c22479a0de8fc2e98dba2cd1dad5b97f4258645a0,d3dfa8f9d5603ea47d2a1a033a45d17426b0b5c08da631a0ad4eb45e37e3fe9d,0.5683844011142062,0.9184015964062586,0.5136416638561706
pathmnist_42_saved_rotated_uniform_4,pathmnist,42,saved_rotated_uniform,4,897036,32db36ff93680644879b68b924a89ccecb3a2d1122ba6e3be52cfa87944670a6,ff3222ef7aa2013396952399e17dbd0fdd1c31bc4cb80545b7f1dfbc655932e4,f293f979bed796195b85b18c22479a0de8fc2e98dba2cd1dad5b97f4258645a0,d3dfa8f9d5603ea47d2a1a033a45d17426b0b5c08da631a0ad4eb45e37e3fe9d,0.5681058495821727,0.9179999849947431,0.5131659578674127
pathmnist_42_archive_normal_codebook_4,pathmnist,42,archive_normal_codebook,4,0,,d4d4be265ea77152b378556e9a1ed42403d6588a2473b0d2c71638875217c628,f293f979bed796195b85b18c22479a0de8fc2e98dba2cd1dad5b97f4258645a0,d3dfa8f9d5603ea47d2a1a033a45d17426b0b5c08da631a0ad4eb45e37e3fe9d,0.1594707520891365,0.7784708249478965,0.07941556094816063
pathmnist_42_saved_normal_codebook_4,pathmnist,42,saved_normal_codebook,4,898012,6f9920c95e7389984f498569e31fac3338f0056c0bed11371d03a45ccd66e3e5,95fe039d3ff284ce7bee7448a98c730b7327984cc21630f62d6fff27ace37705,f293f979bed796195b85b18c22479a0de8fc2e98dba2cd1dad5b97f4258645a0,d3dfa8f9d5603ea47d2a1a033a45d17426b0b5c08da631a0ad4eb45e37e3fe9d,0.15974930362116993,0.7783591561298896,0.07961387729274236
pathmnist_42_archive_rotated_normal_codebook_4,pathmnist,42,archive_rotated_normal_codebook,4,0,,a97afc2ef7a2e3520350b8aaaebca8f968cba7aa2c1ad5a54b7e014855cd9215,f293f979bed796195b85b18c22479a0de8fc2e98dba2cd1dad5b97f4258645a0,d3dfa8f9d5603ea47d2a1a033a45d17426b0b5c08da631a0ad4eb45e37e3fe9d,0.19345403899721447,0.8066322499623576,0.11347005504820012
pathmnist_42_saved_rotated_normal_codebook_4,pathmnist,42,saved_rotated_normal_codebook,4,897993,fe32752df2cdf0e2fb13a11dc790a723a1aae863fc4d423657ba35d8e9495c42,430d215aed037decc90e4a22efc12276bc2c7ec9433d92fba139bb48ce0c6c22,f293f979bed796195b85b18c22479a0de8fc2e98dba2cd1dad5b97f4258645a0,d3dfa8f9d5603ea47d2a1a033a45d17426b0b5c08da631a0ad4eb45e37e3fe9d,0.1937325905292479,0.8065448211529321,0.11353220845754225
pathmnist_42_folded_fp32_32,pathmnist,42,folded_fp32,32,0,,61644f446462b78aebaa18c716e9c11136c2f21a771ff3adea866d8c669ae794,f293f979bed796195b85b18c22479a0de8fc2e98dba2cd1dad5b97f4258645a0,d3dfa8f9d5603ea47d2a1a033a45d17426b0b5c08da631a0ad4eb45e37e3fe9d,0.9005571030640669,0.9912021897800511,0.8690900924378954
pathmnist_42_folded_uniform_2,pathmnist,42,folded_uniform,2,443732,ded20ca7343feef6bac076cca1db96679c761b964f1f660ef0e4b7297ee09516,1ec4f70fef372a9371023e4ad2ae7cd9167655b0b4543cf0e903fce774c4ff4a,f293f979bed796195b85b18c22479a0de8fc2e98dba2cd1dad5b97f4258645a0,d3dfa8f9d5603ea47d2a1a033a45d17426b0b5c08da631a0ad4eb45e37e3fe9d,0.12186629526462396,0.5017273503825922,0.09776918129724214
pathmnist_42_folded_uniform_3,pathmnist,42,folded_uniform,3,631379,71f1a834425b3dde59a3a2ac820677fd5788d46fbda1f38e31f97a446814b9e1,4f8e3a8a82396a654871057299407f4b1451a52e1cfb28b7fb395ef68451dade,f293f979bed796195b85b18c22479a0de8fc2e98dba2cd1dad5b97f4258645a0,d3dfa8f9d5603ea47d2a1a033a45d17426b0b5c08da631a0ad4eb45e37e3fe9d,0.07576601671309192,0.4768084615131066,0.046111795125877826
pathmnist_42_folded_uniform_4,pathmnist,42,folded_uniform,4,819031,bdeeb2685d179bd7f00219330d0b1ee696e311d42c3e3b97aee469c046b522c2,ee2f409e8b08886a7dafb67470ddfdcbc06cb07d33f5c81b77adc9ebb19616ce,f293f979bed796195b85b18c22479a0de8fc2e98dba2cd1dad5b97f4258645a0,d3dfa8f9d5603ea47d2a1a033a45d17426b0b5c08da631a0ad4eb45e37e3fe9d,0.6246518105849582,0.9226001833175689,0.5413574887270034
pathmnist_42_folded_uniform_8,pathmnist,42,folded_uniform,8,1569440,b031ba7b01925b58a36fd65ac55e94b737dbcc81c61e2e47c3eac97c0c029591,e7d92c27c0a6bc4873fdb546ce5e56922f46ac38319e8df0a5024c0df22ed47b,f293f979bed796195b85b18c22479a0de8fc2e98dba2cd1dad5b97f4258645a0,d3dfa8f9d5603ea47d2a1a033a45d17426b0b5c08da631a0ad4eb45e37e3fe9d,0.8963788300835654,0.991029362499844,0.8672018691505885
pathmnist_42_cle_fp32_32,pathmnist,42,cle_fp32,32,0,,1eef6b8fa7fe9f6ee8beaf3d4534db6c2811818b86aa94ab3b2ec4beecce4380,f293f979bed796195b85b18c22479a0de8fc2e98dba2cd1dad5b97f4258645a0,d3dfa8f9d5603ea47d2a1a033a45d17426b0b5c08da631a0ad4eb45e37e3fe9d,0.9005571030640669,0.9912021755353876,0.8690900924378954
pathmnist_42_dfq_cle_bc_2,pathmnist,42,dfq_cle_bc,2,443732,3963b99609f8a78c633a50ec427b768bda54102d7c9c22d2662ce139403db7e4,f85157b33a1594dccba29987bd0aa120aa14c54c74072530dc645e135f27c9a3,f293f979bed796195b85b18c22479a0de8fc2e98dba2cd1dad5b97f4258645a0,d3dfa8f9d5603ea47d2a1a033a45d17426b0b5c08da631a0ad4eb45e37e3fe9d,0.11838440111420613,0.4994121392455671,0.09855961470969159
pathmnist_42_dfq_cle_bc_3,pathmnist,42,dfq_cle_bc,3,631379,245f5ed8f6f525c668d86fb8ffd3ff419b8e098d04f45bd9f3c9f3f4e4a0a7ae,5c067528696a98e394652ef54e3003bba7cef9c299464c0db3b45beab75c0370,f293f979bed796195b85b18c22479a0de8fc2e98dba2cd1dad5b97f4258645a0,d3dfa8f9d5603ea47d2a1a033a45d17426b0b5c08da631a0ad4eb45e37e3fe9d,0.1713091922005571,0.5856943529620869,0.10780132912878636
pathmnist_42_dfq_cle_bc_4,pathmnist,42,dfq_cle_bc,4,819031,93647b4d2167cb071c99007b32aa11cd3508138db237e33d17133c6245775d45,9d3db1c0dbffae76d84b505e0540ed7ed44c66840cbf839212c986de0c701771,f293f979bed796195b85b18c22479a0de8fc2e98dba2cd1dad5b97f4258645a0,d3dfa8f9d5603ea47d2a1a033a45d17426b0b5c08da631a0ad4eb45e37e3fe9d,0.653899721448468,0.9550936699545866,0.6319667049699517
pathmnist_42_dfq_cle_bc_8,pathmnist,42,dfq_cle_bc,8,1569440,ec15fa71eab0004ee5ff0093247a98dd074b53c9ac24efef173160e0ab1946ca,32d5aaff294373283b66004310b2411e33da9f5c35e3da75f29246fe1b7771ef,f293f979bed796195b85b18c22479a0de8fc2e98dba2cd1dad5b97f4258645a0,d3dfa8f9d5603ea47d2a1a033a45d17426b0b5c08da631a0ad4eb45e37e3fe9d,0.8923398328690808,0.990460589727184,0.8617105398166848
pathmnist_456_archive_fp32_32,pathmnist,456,archive_fp32,32,0,,7d5a9f31b8172b50fd8bacfe40f1d92249581e32d5b755212888dd6aecea3a69,6c67264d552647758bb2ed518a33782bf190700d31dfdfabbdb7fa6a1a901438,d3dfa8f9d5603ea47d2a1a033a45d17426b0b5c08da631a0ad4eb45e37e3fe9d,0.8998607242339833,0.9910853201828844,0.8713891258001687
pathmnist_456_saved_fp32_32,pathmnist,456,saved_fp32,32,6188065,fb8e4a79b99a465473084944bc6038a73552c57c9037c813e25ced2a0bdb5346,7d5a9f31b8172b50fd8bacfe40f1d92249581e32d5b755212888dd6aecea3a69,6c67264d552647758bb2ed518a33782bf190700d31dfdfabbdb7fa6a1a901438,d3dfa8f9d5603ea47d2a1a033a45d17426b0b5c08da631a0ad4eb45e37e3fe9d,0.8998607242339833,0.9910853201828844,0.8713891258001687
pathmnist_456_archive_fp16_16,pathmnist,456,archive_fp16,16,0,,f6788c4f5c8acc82f60cdd7f95a1ffeaadd40fc6dff12093e31031c0b8d37a83,6c67264d552647758bb2ed518a33782bf190700d31dfdfabbdb7fa6a1a901438,d3dfa8f9d5603ea47d2a1a033a45d17426b0b5c08da631a0ad4eb45e37e3fe9d,0.8994428969359332,0.9910677705332971,0.8710785514198409
pathmnist_456_saved_fp16_16,pathmnist,456,saved_fp16,16,3133822,74e014e2dc867b6f6c2e47920e85ce64b21d51abaa64909a19066799e1311014,be996e194cf48e178768f73210ae3de39e49336e0dd861e3fe58cefc75f030e9,6c67264d552647758bb2ed518a33782bf190700d31dfdfabbdb7fa6a1a901438,d3dfa8f9d5603ea47d2a1a033a45d17426b0b5c08da631a0ad4eb45e37e3fe9d,0.9002785515320334,0.9911099166909092,0.8723323392417973
pathmnist_456_archive_int8_minmax_8,pathmnist,456,archive_int8_minmax,8,0,,a0ecf0d16b23749e3b6c20910366d7991fbce5cc5bb8b6721fa2cc460a4c87c7,6c67264d552647758bb2ed518a33782bf190700d31dfdfabbdb7fa6a1a901438,d3dfa8f9d5603ea47d2a1a033a45d17426b0b5c08da631a0ad4eb45e37e3fe9d,0.8941504178272981,0.9903540713320067,0.8626695386825877
pathmnist_456_saved_int8_minmax_8,pathmnist,456,saved_int8_minmax,8,1647480,ddbb8b87808f2f1bb01041d5ca4bc70a70bc6902273ff3c426539dc7974ce7b1,728772ad58c420323e84b9346122391f102b644d1d54891279302303c15b3f4a,6c67264d552647758bb2ed518a33782bf190700d31dfdfabbdb7fa6a1a901438,d3dfa8f9d5603ea47d2a1a033a45d17426b0b5c08da631a0ad4eb45e37e3fe9d,0.8940111420612813,0.9903870719526238,0.8625339454712807
pathmnist_456_archive_uniform_full_2,pathmnist,456,archive_uniform_full,2,0,,9aeb356bd83fb1295c02d9182b24c3c7315f8103e30168f238571eb17a288598,6c67264d552647758bb2ed518a33782bf190700d31dfdfabbdb7fa6a1a901438,d3dfa8f9d5603ea47d2a1a033a45d17426b0b5c08da631a0ad4eb45e37e3fe9d,0.11337047353760446,0.4978673281977852,0.06880753426225134
pathmnist_456_saved_uniform_full_2,pathmnist,456,saved_uniform_full,2,521721,eedab726f71e0dc12ba46ffc98eac26169d9688c53fd16235348338f0542a781,d4cebfca60ea23f5657353c72d5f32dced519505bc8e76328a169048f0ae88b6,6c67264d552647758bb2ed518a33782bf190700d31dfdfabbdb7fa6a1a901438,d3dfa8f9d5603ea47d2a1a033a45d17426b0b5c08da631a0ad4eb45e37e3fe9d,0.11406685236768803,0.49840910997565846,0.06954302216503219
pathmnist_456_archive_rotated_normal_codebook_2,pathmnist,456,archive_rotated_normal_codebook,2,0,,91dda39b740202994038822ba03ee4a80c9d596703e90fbad1b65acc4e00418e,6c67264d552647758bb2ed518a33782bf190700d31dfdfabbdb7fa6a1a901438,d3dfa8f9d5603ea47d2a1a033a45d17426b0b5c08da631a0ad4eb45e37e3fe9d,0.04721448467966574,0.433635768202881,0.01001906281863723
pathmnist_456_saved_rotated_normal_codebook_2,pathmnist,456,saved_rotated_normal_codebook,2,522657,b5cd71028fd7571ebb8c38f267224f02f948264694d0375b0fdea33e977024ae,b1326f1b4ce1512b23216aefb5dd8088f128a03da90d018933f6e66a7a9d4087,6c67264d552647758bb2ed518a33782bf190700d31dfdfabbdb7fa6a1a901438,d3dfa8f9d5603ea47d2a1a033a45d17426b0b5c08da631a0ad4eb45e37e3fe9d,0.04721448467966574,0.4334266154412652,0.01001906281863723
pathmnist_456_archive_uniform_full_3,pathmnist,456,archive_uniform_full,3,0,,fbc7e86bb581dc0279249f5bc82619f31e226f5f4f11e04f2663ac3822ba0f24,6c67264d552647758bb2ed518a33782bf190700d31dfdfabbdb7fa6a1a901438,d3dfa8f9d5603ea47d2a1a033a45d17426b0b5c08da631a0ad4eb45e37e3fe9d,0.13008356545961003,0.5093092940309062,0.07790060288669912
pathmnist_456_saved_uniform_full_3,pathmnist,456,saved_uniform_full,3,709388,3cc4ef38cf7df14c4c96a6a1402c350430655c37c6335a3d4fac58bf460f37e3,c7de407509b49116a28ca84afeea3aeaf32e762264d12dbd240f73cf8bc96fb0,6c67264d552647758bb2ed518a33782bf190700d31dfdfabbdb7fa6a1a901438,d3dfa8f9d5603ea47d2a1a033a45d17426b0b5c08da631a0ad4eb45e37e3fe9d,0.13022284122562675,0.5098362783095903,0.07795156257434122
pathmnist_456_archive_rotated_normal_codebook_3,pathmnist,456,archive_rotated_normal_codebook,3,0,,8d0f96ba24240d4754dbbe3ed34b1f7fd9b3f2c434973c63db6eeae07f65b4aa,6c67264d552647758bb2ed518a33782bf190700d31dfdfabbdb7fa6a1a901438,d3dfa8f9d5603ea47d2a1a033a45d17426b0b5c08da631a0ad4eb45e37e3fe9d,0.13370473537604458,0.6609147105621095,0.05059925479571065
pathmnist_456_saved_rotated_normal_codebook_3,pathmnist,456,saved_rotated_normal_codebook,3,710323,1e56f9597d0cbd3a7be3ae41a3c1fa6631d1d9a17c7bbd3adddd5dc22c1a9e79,5c3ed51f5e4bfdabf0e03f386a9355c5a4e209ae9e9f5a4a1c8b719fa8f998c3,6c67264d552647758bb2ed518a33782bf190700d31dfdfabbdb7fa6a1a901438,d3dfa8f9d5603ea47d2a1a033a45d17426b0b5c08da631a0ad4eb45e37e3fe9d,0.13370473537604458,0.6610900326729674,0.05070733818946857
pathmnist_456_archive_uniform_full_4,pathmnist,456,archive_uniform_full,4,0,,de3ee52f65e85eb37651639236589eaaac157b5f07cb77e0c56d5bb99f5db681,6c67264d552647758bb2ed518a33782bf190700d31dfdfabbdb7fa6a1a901438,d3dfa8f9d5603ea47d2a1a033a45d17426b0b5c08da631a0ad4eb45e37e3fe9d,0.3394150417827298,0.7268293792713446,0.31706936841106537
pathmnist_456_saved_uniform_full_4,pathmnist,456,saved_uniform_full,4,897060,863b51db967be230e4297d3445d08b7b75bed184be2c348ed1e00bdae8cbcd21,7e0059902e1ef4a6e5392c769979d2689c6c7c2ae92b3f3a3e1d45cf9982217f,6c67264d552647758bb2ed518a33782bf190700d31dfdfabbdb7fa6a1a901438,d3dfa8f9d5603ea47d2a1a033a45d17426b0b5c08da631a0ad4eb45e37e3fe9d,0.3383008356545961,0.7264781119266558,0.31651461848333984
pathmnist_456_archive_rotated_uniform_4,pathmnist,456,archive_rotated_uniform,4,0,,26d86bf67f44e661f577ee87b07956bb104604c6970d2c910f0df0a26851ca51,6c67264d552647758bb2ed518a33782bf190700d31dfdfabbdb7fa6a1a901438,d3dfa8f9d5603ea47d2a1a033a45d17426b0b5c08da631a0ad4eb45e37e3fe9d,0.36504178272980503,0.829461681604463,0.2976625682888277
pathmnist_456_saved_rotated_uniform_4,pathmnist,456,saved_rotated_uniform,4,897036,ebb747b3e638c60646bc452c4880e0bdb77d6e8c4fab7d6b962bf320fa19349c,3a7d2343065d91884c1f53175abb8c5f22a395c91af16e8285c42e5bedc1f1e9,6c67264d552647758bb2ed518a33782bf190700d31dfdfabbdb7fa6a1a901438,d3dfa8f9d5603ea47d2a1a033a45d17426b0b5c08da631a0ad4eb45e37e3fe9d,0.3651810584958217,0.8297602875043174,0.2976054616976462
pathmnist_456_archive_normal_codebook_4,pathmnist,456,archive_normal_codebook,4,0,,1dd5500c6086fa66a547649d510c77e3d304eaa43c0dbe6fac026d8bf7f37c6a,6c67264d552647758bb2ed518a33782bf190700d31dfdfabbdb7fa6a1a901438,d3dfa8f9d5603ea47d2a1a033a45d17426b0b5c08da631a0ad4eb45e37e3fe9d,0.14721448467966575,0.7666247096426883,0.053525626354294836
pathmnist_456_saved_normal_codebook_4,pathmnist,456,saved_normal_codebook,4,898012,73a9a7ccf1715df1b37ca011a0599f917220ab8d77c1f929052105d0919d0a1b,70544c7607c14437ebb35cf439228047835e41759fff7f63b76559a49f382a28,6c67264d552647758bb2ed518a33782bf190700d31dfdfabbdb7fa6a1a901438,d3dfa8f9d5603ea47d2a1a033a45d17426b0b5c08da631a0ad4eb45e37e3fe9d,0.14721448467966575,0.7666446896248602,0.053568636816978134
pathmnist_456_archive_rotated_normal_codebook_4,pathmnist,456,archive_rotated_normal_codebook,4,0,,c0025324872af917b659ee449315fd70a87e106426f3f1f9fc1bd96fbbb73bc2,6c67264d552647758bb2ed518a33782bf190700d31dfdfabbdb7fa6a1a901438,d3dfa8f9d5603ea47d2a1a033a45d17426b0b5c08da631a0ad4eb45e37e3fe9d,0.15696378830083565,0.7738169405255022,0.05706249336611329
pathmnist_456_saved_rotated_normal_codebook_4,pathmnist,456,saved_rotated_normal_codebook,4,897993,21209369aa5b717cc0ef573008a676cbcc263f95f9c6e07b655dfb07e7aa4a08,08e66dee2eb3495828ba770cae4913d002ff0e5e8a33492ae61bcef6c9289da0,6c67264d552647758bb2ed518a33782bf190700d31dfdfabbdb7fa6a1a901438,d3dfa8f9d5603ea47d2a1a033a45d17426b0b5c08da631a0ad4eb45e37e3fe9d,0.15696378830083565,0.7740312767121074,0.05704528840051363
pathmnist_456_folded_fp32_32,pathmnist,456,folded_fp32,32,0,,da1cb5a30307eed5b847b164b2ef7eb58fa4d9bb1ff8d073ae7a2da7919c36a9,6c67264d552647758bb2ed518a33782bf190700d31dfdfabbdb7fa6a1a901438,d3dfa8f9d5603ea47d2a1a033a45d17426b0b5c08da631a0ad4eb45e37e3fe9d,0.8998607242339833,0.9910853201828844,0.8713891258001687
pathmnist_456_folded_uniform_2,pathmnist,456,folded_uniform,2,443732,79e083e65a6863585c791e1b47ce888b6ebc0c70797d8183691fa6ef3b1bd130,a72597ee198a85c4e65e29113b45d5f4e781f9a1eca801d0804c8b87551ebf7d,6c67264d552647758bb2ed518a33782bf190700d31dfdfabbdb7fa6a1a901438,d3dfa8f9d5603ea47d2a1a033a45d17426b0b5c08da631a0ad4eb45e37e3fe9d,0.11100278551532033,0.49690313397856706,0.0664425394009385
pathmnist_456_folded_uniform_3,pathmnist,456,folded_uniform,3,631379,c79dee5477f06e1a9890bd11de8e3c27c267204a0335856200e8e4dc47a62a28,5056063adcf22ad1b97e3c8cb0d054b3ce29598c59e5e04a9fff716828348d10,6c67264d552647758bb2ed518a33782bf190700d31dfdfabbdb7fa6a1a901438,d3dfa8f9d5603ea47d2a1a033a45d17426b0b5c08da631a0ad4eb45e37e3fe9d,0.12924791086350976,0.50935772429446,0.0773686247642436
pathmnist_456_folded_uniform_4,pathmnist,456,folded_uniform,4,819031,99d860319cbc99c7fbca62f5a8dc2ab6371418a1380b6baea88d98f171c7dc0b,5676ba66fe3aebb45486654f12ad2f2a8fe491a6081aeeb3f15281c1b6d0687d,6c67264d552647758bb2ed518a33782bf190700d31dfdfabbdb7fa6a1a901438,d3dfa8f9d5603ea47d2a1a033a45d17426b0b5c08da631a0ad4eb45e37e3fe9d,0.3416434540389972,0.7281224153073009,0.31849754837867056
pathmnist_456_folded_uniform_8,pathmnist,456,folded_uniform,8,1569440,95b2044780b9f1576ef2bf2e20d40911b920f80a496ec09a093b372559cdcc28,18737a3d1e1a9260dc5d84f38aa175a56d1c47cdd294433f04c4e99f9b23d5dd,6c67264d552647758bb2ed518a33782bf190700d31dfdfabbdb7fa6a1a901438,d3dfa8f9d5603ea47d2a1a033a45d17426b0b5c08da631a0ad4eb45e37e3fe9d,0.8938718662952646,0.9903685591917117,0.8623310905618391
pathmnist_456_cle_fp32_32,pathmnist,456,cle_fp32,32,0,,5b6c4f50bd181c11373088067a93f119f55e89114cf7ddfcf5c63364fae86a13,6c67264d552647758bb2ed518a33782bf190700d31dfdfabbdb7fa6a1a901438,d3dfa8f9d5603ea47d2a1a033a45d17426b0b5c08da631a0ad4eb45e37e3fe9d,0.8998607242339833,0.9910853201828844,0.8713891258001687
pathmnist_456_dfq_cle_bc_2,pathmnist,456,dfq_cle_bc,2,443732,4ebda07ad6319a0227f63f5b0594418eb8fa472bc4021674c007687657989039,d8661b74a6dd2070b8875e1166fe7d71488bb5bcba50d622ff791093ff74d268,6c67264d552647758bb2ed518a33782bf190700d31dfdfabbdb7fa6a1a901438,d3dfa8f9d5603ea47d2a1a033a45d17426b0b5c08da631a0ad4eb45e37e3fe9d,0.10905292479108634,0.5004431587539745,0.06859880877152452
pathmnist_456_dfq_cle_bc_3,pathmnist,456,dfq_cle_bc,3,631379,8507c83f1174704d7d4428ff567fe735ea97debfcc10c75b9741159772ff62ef,ad2bf11c6e6e3146b0ad1080a0ff6d680d95a7430d450f40025a291adeddae8a,6c67264d552647758bb2ed518a33782bf190700d31dfdfabbdb7fa6a1a901438,d3dfa8f9d5603ea47d2a1a033a45d17426b0b5c08da631a0ad4eb45e37e3fe9d,0.03802228412256267,0.4435150492846379,0.034658964240678394
pathmnist_456_dfq_cle_bc_4,pathmnist,456,dfq_cle_bc,4,819031,982b8cab31a4ebf9aa3576292e0f55e6cd099a044eaf2a3fb793199ffa338042,b3c0ca54aa84750a8847a1edea1bc5508988517cd425cb87b010f46ef3b5446d,6c67264d552647758bb2ed518a33782bf190700d31dfdfabbdb7fa6a1a901438,d3dfa8f9d5603ea47d2a1a033a45d17426b0b5c08da631a0ad4eb45e37e3fe9d,0.515041782729805,0.872699758499538,0.47986704403629354
pathmnist_456_dfq_cle_bc_8,pathmnist,456,dfq_cle_bc,8,1569440,c3ea887c07189ad6be86b81a254b8cf25ad03ceddee1cee3d7fc0985521a2fe5,42b846170b78524da3e3965c2e6b6cdab07f0eafb7ea01abd066561f22554801,6c67264d552647758bb2ed518a33782bf190700d31dfdfabbdb7fa6a1a901438,d3dfa8f9d5603ea47d2a1a033a45d17426b0b5c08da631a0ad4eb45e37e3fe9d,0.8940111420612813,0.9905389109549234,0.8622504180667813
pneumoniamnist_123_archive_fp32_32,pneumoniamnist,123,archive_fp32,32,0,,49df00f45d705e42e3f6a2fb666ff6c990b9e7559b21f4463ed939dde44dce3d,9ca190c298c12707025f3be88d9a00e22c535a23680d74ab7483ed7af1e1ea3e,dbab670e7490711b42553ac082d482e40057e9abe466fece088cbd382937df6d,0.8798076923076923,0.9609631821170281,0.8611008057934022
pneumoniamnist_123_saved_fp32_32,pneumoniamnist,123,saved_fp32,32,6158199,f79babb07badd53e310754b18de90a826a1274a85a5bad883f5d4ff14403e278,49df00f45d705e42e3f6a2fb666ff6c990b9e7559b21f4463ed939dde44dce3d,9ca190c298c12707025f3be88d9a00e22c535a23680d74ab7483ed7af1e1ea3e,dbab670e7490711b42553ac082d482e40057e9abe466fece088cbd382937df6d,0.8798076923076923,0.9609631821170281,0.8611008057934022
pneumoniamnist_123_archive_fp16_16,pneumoniamnist,123,archive_fp16,16,0,,4af227f6074bcb32407384149416bd1255cc74d7deb96ca44d379c5f356907b6,9ca190c298c12707025f3be88d9a00e22c535a23680d74ab7483ed7af1e1ea3e,dbab670e7490711b42553ac082d482e40057e9abe466fece088cbd382937df6d,0.8798076923076923,0.9610727591496822,0.8611008057934022
pneumoniamnist_123_saved_fp16_16,pneumoniamnist,123,saved_fp16,16,3118886,7d360c7239e22a77a3dc3890305a0522caa4e5f739c5a7efd6d8e8fca4ef7f8d,764f07bc0066483911e018bb66122e2143b79bb458ce4211bd34f7e592bf2916,9ca190c298c12707025f3be88d9a00e22c535a23680d74ab7483ed7af1e1ea3e,dbab670e7490711b42553ac082d482e40057e9abe466fece088cbd382937df6d,0.8798076923076923,0.9611056322594784,0.8611008057934022
pneumoniamnist_123_archive_int8_minmax_8,pneumoniamnist,123,archive_int8_minmax,8,0,,1949849b8967cf112d9c9d265f1cb1990d14d2b417cb8037be70bb2745807112,9ca190c298c12707025f3be88d9a00e22c535a23680d74ab7483ed7af1e1ea3e,dbab670e7490711b42553ac082d482e40057e9abe466fece088cbd382937df6d,0.8637820512820513,0.9586127547666009,0.8408196706551783
pneumoniamnist_123_saved_int8_minmax_8,pneumoniamnist,123,saved_int8_minmax,8,1640017,b01acf0899e59e7149b78c8e27f596d863830b2f720446363218aa6d6813291c,38412e133eeb0a5029774ac8f575512d5cb902e90792b3ad659f595d85863524,9ca190c298c12707025f3be88d9a00e22c535a23680d74ab7483ed7af1e1ea3e,dbab670e7490711b42553ac082d482e40057e9abe466fece088cbd382937df6d,0.8637820512820513,0.9597797501643656,0.8408196706551783
pneumoniamnist_123_archive_uniform_full_2,pneumoniamnist,123,archive_uniform_full,2,0,,47b88664f43fff3973c3e6abc43f14fc37a52acb850cdc1ddd657334486d004b,9ca190c298c12707025f3be88d9a00e22c535a23680d74ab7483ed7af1e1ea3e,dbab670e7490711b42553ac082d482e40057e9abe466fece088cbd382937df6d,0.625,0.5,0.38461538461538464
pneumoniamnist_123_saved_uniform_full_2,pneumoniamnist,123,saved_uniform_full,2,514448,484bfedd9dfcdf1c97b3abea6ef4e0dc3810d829069085dce62a785b0d62d1c8,2539bd8fba1b89c1b6df9439fed9b84655f28a1032e4960a4e26e38007ea263e,9ca190c298c12707025f3be88d9a00e22c535a23680d74ab7483ed7af1e1ea3e,dbab670e7490711b42553ac082d482e40057e9abe466fece088cbd382937df6d,0.625,0.5,0.38461538461538464
pneumoniamnist_123_archive_rotated_normal_codebook_2,pneumoniamnist,123,archive_rotated_normal_codebook,2,0,,c6bfc8441b3134a19a9d2fe986d37277a77fadf01234cd81d0fa14577936a070,9ca190c298c12707025f3be88d9a00e22c535a23680d74ab7483ed7af1e1ea3e,dbab670e7490711b42553ac082d482e40057e9abe466fece088cbd382937df6d,0.625,0.3919460880999343,0.38461538461538464
pneumoniamnist_123_saved_rotated_normal_codebook_2,pneumoniamnist,123,saved_rotated_normal_codebook,2,515376,d4b0fe4fdf6ecc1de3711027246894628abab3e9a82381053c249bc78b4f2972,630c287280f92ebf4c1e75f5ed85d38987ac82f040c47352cafa0e92c5087ab3,9ca190c298c12707025f3be88d9a00e22c535a23680d74ab7483ed7af1e1ea3e,dbab670e7490711b42553ac082d482e40057e9abe466fece088cbd382937df6d,0.625,0.390264080648696,0.38461538461538464
pneumoniamnist_123_archive_uniform_full_3,pneumoniamnist,123,archive_uniform_full,3,0,,43e16510becb2092693f0850f2a68b5d663b77362723f99d4064132819f348d5,9ca190c298c12707025f3be88d9a00e22c535a23680d74ab7483ed7af1e1ea3e,dbab670e7490711b42553ac082d482e40057e9abe466fece088cbd382937df6d,0.6217948717948718,0.3677076484768793,0.383399209486166
pneumoniamnist_123_saved_uniform_full_3,pneumoniamnist,123,saved_uniform_full,3,702083,d91768661331ba6107710e168017749cb8d55e4e71ce5288d5b23181eb1156a9,e3b79f99b07d17c0734b7f5d62512df384cbca2cf5cb04b6d6b7c8ab0c912c87,9ca190c298c12707025f3be88d9a00e22c535a23680d74ab7483ed7af1e1ea3e,dbab670e7490711b42553ac082d482e40057e9abe466fece088cbd382937df6d,0.6217948717948718,0.36389984659215435,0.383399209486166
pneumoniamnist_123_archive_rotated_normal_codebook_3,pneumoniamnist,123,archive_rotated_normal_codebook,3,0,,4e980233d9086774560b99064aa00a0e013b8bfdb0e38a98e5324d26832fc6b1,9ca190c298c12707025f3be88d9a00e22c535a23680d74ab7483ed7af1e1ea3e,dbab670e7490711b42553ac082d482e40057e9abe466fece088cbd382937df6d,0.625,0.476342318650011,0.38461538461538464
pneumoniamnist_123_saved_rotated_normal_codebook_3,pneumoniamnist,123,saved_rotated_normal_codebook,3,703010,fcb92c327a74b0cea1ede5037c26f70f472b4b72f7214a1c5a7a1a62960d9b4f,dcb1f9556b3bc0dc676fc16300fc37f333bbdb5aa06a017dc6f3304d403bfa4f,9ca190c298c12707025f3be88d9a00e22c535a23680d74ab7483ed7af1e1ea3e,dbab670e7490711b42553ac082d482e40057e9abe466fece088cbd382937df6d,0.625,0.47767915844838926,0.38461538461538464
pneumoniamnist_123_archive_uniform_full_4,pneumoniamnist,123,archive_uniform_full,4,0,,cc2d5856af387ee17d594d4d653143d4bf3ccfb07986528df85b4a12217ab21f,9ca190c298c12707025f3be88d9a00e22c535a23680d74ab7483ed7af1e1ea3e,dbab670e7490711b42553ac082d482e40057e9abe466fece088cbd382937df6d,0.6073717948717948,0.6172364672364673,0.5925536026011753
pneumoniamnist_123_saved_uniform_full_4,pneumoniamnist,123,saved_uniform_full,4,889722,808650c8d7fd772b4f225e955c0e7bcfce7acf6e460e8ef055249afc5c580d7d,253b3f8013b928e885078e9412416517833f505fe8df36c9d66330523f5a492a,9ca190c298c12707025f3be88d9a00e22c535a23680d74ab7483ed7af1e1ea3e,dbab670e7490711b42553ac082d482e40057e9abe466fece088cbd382937df6d,0.6105769230769231,0.6164365548980935,0.5948344275304811
pneumoniamnist_123_archive_rotated_uniform_4,pneumoniamnist,123,archive_rotated_uniform,4,0,,841bfd4ca0bb7b0411c11417ab254149d2bf4bfae1ca40db8a9bafbd224682d8,9ca190c298c12707025f3be88d9a00e22c535a23680d74ab7483ed7af1e1ea3e,dbab670e7490711b42553ac082d482e40057e9abe466fece088cbd382937df6d,0.8125,0.8665461319307474,0.7815119511837463
pneumoniamnist_123_saved_rotated_uniform_4,pneumoniamnist,123,saved_rotated_uniform,4,889698,6cdbb4b8cedc523a74f6859176f0110f1ccc5c521ce91ee6e465d278e1fd76de,b9dc7729de887f8b63bc6dc12e69f008ec7ea91432e98d1c95ba836c73f1b178,9ca190c298c12707025f3be88d9a00e22c535a23680d74ab7483ed7af1e1ea3e,dbab670e7490711b42553ac082d482e40057e9abe466fece088cbd382937df6d,0.8157051282051282,0.8659872890642122,0.7846383779452413
pneumoniamnist_123_archive_normal_codebook_4,pneumoniamnist,123,archive_normal_codebook,4,0,,a8113995370b40a7affa55c7ba42f659e68e92a101480d2c75a2aeffe470cc84,9ca190c298c12707025f3be88d9a00e22c535a23680d74ab7483ed7af1e1ea3e,dbab670e7490711b42553ac082d482e40057e9abe466fece088cbd382937df6d,0.625,0.5893491124260355,0.38461538461538464
pneumoniamnist_123_saved_normal_codebook_4,pneumoniamnist,123,saved_normal_codebook,4,890666,c775d5ac58d9f9fd23cb84c521cbb7415d9c68c42cc88b7a0098a8ee924f6cde,8a56bb115e26535148282b69e35cbf6db256fb422734c12b287cd6956d600476,9ca190c298c12707025f3be88d9a00e22c535a23680d74ab7483ed7af1e1ea3e,dbab670e7490711b42553ac082d482e40057e9abe466fece088cbd382937df6d,0.625,0.5865329826868289,0.38461538461538464
pneumoniamnist_123_archive_rotated_normal_codebook_4,pneumoniamnist,123,archive_rotated_normal_codebook,4,0,,e201579ba6e5a4959c902df3f7a91aad345a4df3cbed69af1a03d022b1c939a4,9ca190c298c12707025f3be88d9a00e22c535a23680d74ab7483ed7af1e1ea3e,dbab670e7490711b42553ac082d482e40057e9abe466fece088cbd382937df6d,0.625,0.6311198772737234,0.38461538461538464
pneumoniamnist_123_saved_rotated_normal_codebook_4,pneumoniamnist,123,saved_rotated_normal_codebook,4,890647,48d61c4d41e2bc977ccc0eacdb9ec82e4a36fdf4e78dfdf0d1327f11962a544b,cd7397eb453f6cdeb09bdc99a8b93d93cfaf8962afdbc966a9828fb67994cbbb,9ca190c298c12707025f3be88d9a00e22c535a23680d74ab7483ed7af1e1ea3e,dbab670e7490711b42553ac082d482e40057e9abe466fece088cbd382937df6d,0.625,0.6312404120096428,0.38461538461538464
pneumoniamnist_123_folded_fp32_32,pneumoniamnist,123,folded_fp32,32,0,,069f76242406c9bdc046cd587296392af08b8610abcc121c7d549b7c7f73f2ea,9ca190c298c12707025f3be88d9a00e22c535a23680d74ab7483ed7af1e1ea3e,dbab670e7490711b42553ac082d482e40057e9abe466fece088cbd382937df6d,0.8798076923076923,0.9609631821170281,0.8611008057934022
pneumoniamnist_123_folded_uniform_2,pneumoniamnist,123,folded_uniform,2,436461,b49ec035bf146a51e736dc4269caf703bc1fd424542beddb5d416fcf44955d87,cbb773e8aa380f61af9003950a23333a6adeabc5193012632ac1c6cdfe551791,9ca190c298c12707025f3be88d9a00e22c535a23680d74ab7483ed7af1e1ea3e,dbab670e7490711b42553ac082d482e40057e9abe466fece088cbd382937df6d,0.625,0.5,0.38461538461538464
pneumoniamnist_123_folded_uniform_3,pneumoniamnist,123,folded_uniform,3,624076,d61a949b088c9845ff52c731f80b096959f20d8becbb671b41b82419bcdf623d,7104fc59e04feba827e5d2369cc5a28b24b3bf78fcba1c48f53c79a1ae417463,9ca190c298c12707025f3be88d9a00e22c535a23680d74ab7483ed7af1e1ea3e,dbab670e7490711b42553ac082d482e40057e9abe466fece088cbd382937df6d,0.6217948717948718,0.3676583388121849,0.383399209486166
pneumoniamnist_123_folded_uniform_4,pneumoniamnist,123,folded_uniform,4,811695,527ced4d7c10602ca08654fe58ad5c384696761c73f2a2dc463235b566435d82,a532a093896c3a9095be09065c4fae97c097f7ed3a77f03c67628e8e250b66f0,9ca190c298c12707025f3be88d9a00e22c535a23680d74ab7483ed7af1e1ea3e,dbab670e7490711b42553ac082d482e40057e9abe466fece088cbd382937df6d,0.6041666666666666,0.6157243041858427,0.589227509561185
pneumoniamnist_123_folded_uniform_8,pneumoniamnist,123,folded_uniform,8,1561979,386148e63e3a400da336cb70c09dd456bd446ce7379e2f71c715e3a325da61f5,6ce65a47e8ab7e8205c745f7ddd831341935792946bfed165304edaad63a2410,9ca190c298c12707025f3be88d9a00e22c535a23680d74ab7483ed7af1e1ea3e,dbab670e7490711b42553ac082d482e40057e9abe466fece088cbd382937df6d,0.8653846153846154,0.9583388121849661,0.8429153680172621
pneumoniamnist_123_cle_fp32_32,pneumoniamnist,123,cle_fp32,32,0,,78d3735867ac629c2fd3c1dc2eb44c850ffd1a3afdce96eb751313b4155ae99f,9ca190c298c12707025f3be88d9a00e22c535a23680d74ab7483ed7af1e1ea3e,dbab670e7490711b42553ac082d482e40057e9abe466fece088cbd382937df6d,0.8798076923076923,0.9609686609686608,0.8611008057934022
pneumoniamnist_123_dfq_cle_bc_2,pneumoniamnist,123,dfq_cle_bc,2,436462,eacf921149b5223dbafe4d704d1c9d4d03cac78ecabe32ac87fe350f82aaee01,4be09be65e4edb73bc32db33af1012fb68307e8aa384cfc77e7d99d499eb6bcf,9ca190c298c12707025f3be88d9a00e22c535a23680d74ab7483ed7af1e1ea3e,dbab670e7490711b42553ac082d482e40057e9abe466fece088cbd382937df6d,0.625,0.5,0.38461538461538464
pneumoniamnist_123_dfq_cle_bc_3,pneumoniamnist,123,dfq_cle_bc,3,624076,61e3151c50416ccd30f9402c4f1da1feb4a4201253d16ff751a4540ee3601b8d,462af8ea6bdbbc208880097fb41d95b5dc5ef20dadab9076d29ce18d99c676f5,9ca190c298c12707025f3be88d9a00e22c535a23680d74ab7483ed7af1e1ea3e,dbab670e7490711b42553ac082d482e40057e9abe466fece088cbd382937df6d,0.6217948717948718,0.5714168310322156,0.38736999750395207
pneumoniamnist_123_dfq_cle_bc_4,pneumoniamnist,123,dfq_cle_bc,4,811695,d587599620ad2516694793a7e23034c79ba06d2bc43a1cc4a9c88b29984cf19b,3333038fb9985a0f0d027036705efcf84efeb8553262170de7864e57a73a9ebf,9ca190c298c12707025f3be88d9a00e22c535a23680d74ab7483ed7af1e1ea3e,dbab670e7490711b42553ac082d482e40057e9abe466fece088cbd382937df6d,0.7115384615384616,0.8158119658119658,0.7074238082834071
pneumoniamnist_123_dfq_cle_bc_8,pneumoniamnist,123,dfq_cle_bc,8,1561979,b92876998fb68280e0a9bd912ac1743d56c716fb0abac4ab3d8df3ad388f83a4,5bec7f997c1691b7fd0a0722f993abe6a43654fc16360e91a5d8a35c6be73e6b,9ca190c298c12707025f3be88d9a00e22c535a23680d74ab7483ed7af1e1ea3e,dbab670e7490711b42553ac082d482e40057e9abe466fece088cbd382937df6d,0.8669871794871795,0.9597304404996713,0.8454371551268776
pneumoniamnist_42_archive_fp32_32,pneumoniamnist,42,archive_fp32,32,0,,2a1fe2f1420f3cf262edc0dc5f66624ec1053b86b9428632240933d1a5c850f5,d4ac570d8addae46811f0ab67e6f3890b6dbb310f2b0399a5166c00eecd65a8f,dbab670e7490711b42553ac082d482e40057e9abe466fece088cbd382937df6d,0.8221153846153846,0.9483234714003945,0.7829742034334845
pneumoniamnist_42_saved_fp32_32,pneumoniamnist,42,saved_fp32,32,6158199,af739cb46e5e465fdadceba4d271dd73791c6dab46d3bca0b40ad0c706c35db3,2a1fe2f1420f3cf262edc0dc5f66624ec1053b86b9428632240933d1a5c850f5,d4ac570d8addae46811f0ab67e6f3890b6dbb310f2b0399a5166c00eecd65a8f,dbab670e7490711b42553ac082d482e40057e9abe466fece088cbd382937df6d,0.8221153846153846,0.9483234714003945,0.7829742034334845
pneumoniamnist_42_archive_fp16_16,pneumoniamnist,42,archive_fp16,16,0,,a03ba4d50f582d7ba0341a075d030bff6a904887a04a6c8db492d5bcddd66d8a,d4ac570d8addae46811f0ab67e6f3890b6dbb310f2b0399a5166c00eecd65a8f,dbab670e7490711b42553ac082d482e40057e9abe466fece088cbd382937df6d,0.8253205128205128,0.948296077142231,0.7875874043977802
pneumoniamnist_42_saved_fp16_16,pneumoniamnist,42,saved_fp16,16,3118886,2417e436839cf800e62806d81aa7b6f68a8d9d767876f51fbc4b25e2cbdccd91,4d813a3b257d07761170774c4d48110df60782f9d44ae3be5be41ff9b3b99255,d4ac570d8addae46811f0ab67e6f3890b6dbb310f2b0399a5166c00eecd65a8f,dbab670e7490711b42553ac082d482e40057e9abe466fece088cbd382937df6d,0.8205128205128205,0.9483837387683542,0.7813813813813814
pneumoniamnist_42_archive_int8_minmax_8,pneumoniamnist,42,archive_int8_minmax,8,0,,dfec60b2db3ae12724d3b41fbe4593960b18d714ae268d170f4d0e78cd0583e9,d4ac570d8addae46811f0ab67e6f3890b6dbb310f2b0399a5166c00eecd65a8f,dbab670e7490711b42553ac082d482e40057e9abe466fece088cbd382937df6d,0.8365384615384616,0.9538735481043173,0.8040756017976975
pneumoniamnist_42_saved_int8_minmax_8,pneumoniamnist,42,saved_int8_minmax,8,1640017,e87df479885546f564913985c5c896b00fcc901f2cce3e27332c243ecf23fae1,4b4eb72ec33efc348147bd54f177a1104f64e24aff82c7fe8f54248ac07356e7,d4ac570d8addae46811f0ab67e6f3890b6dbb310f2b0399a5166c00eecd65a8f,dbab670e7490711b42553ac082d482e40057e9abe466fece088cbd382937df6d,0.8333333333333334,0.9530517203594127,0.8002339469309856
pneumoniamnist_42_archive_uniform_full_2,pneumoniamnist,42,archive_uniform_full,2,0,,6e5f2b5a4da43d0f2444e724b756c6800c09a18614b02cc8e6bf6294547587c1,d4ac570d8addae46811f0ab67e6f3890b6dbb310f2b0399a5166c00eecd65a8f,dbab670e7490711b42553ac082d482e40057e9abe466fece088cbd382937df6d,0.625,0.5,0.38461538461538464
pneumoniamnist_42_saved_uniform_full_2,pneumoniamnist,42,saved_uniform_full,2,514448,e6e9972cd6fbed026acf65a643d7ded870a1a1ab10f5e70d7e3b452fc25ff337,6a5976c19308721805d16a06ad69225bafd7f3389c9c17696fc4eb82e5fecf47,d4ac570d8addae46811f0ab67e6f3890b6dbb310f2b0399a5166c00eecd65a8f,dbab670e7490711b42553ac082d482e40057e9abe466fece088cbd382937df6d,0.625,0.5,0.38461538461538464
pneumoniamnist_42_archive_rotated_normal_codebook_2,pneumoniamnist,42,archive_rotated_normal_codebook,2,0,,f5989698b32d0f99229a0aa33a8366c518259817827ef21e818854ebef89a602,d4ac570d8addae46811f0ab67e6f3890b6dbb310f2b0399a5166c00eecd65a8f,dbab670e7490711b42553ac082d482e40057e9abe466fece088cbd382937df6d,0.4791666666666667,0.4984001753232522,0.47845810820194057
pneumoniamnist_42_saved_rotated_normal_codebook_2,pneumoniamnist,42,saved_rotated_normal_codebook,2,515376,78a1230f93d99b74b38657bb05d2bcf98afa24cb07f35b7c89fa98d06b38dad3,45e7147f01a43330e6e7cb2ebfce6442ad2aea2336e5d99baa909ca38a78a5d6,d4ac570d8addae46811f0ab67e6f3890b6dbb310f2b0399a5166c00eecd65a8f,dbab670e7490711b42553ac082d482e40057e9abe466fece088cbd382937df6d,0.4823717948717949,0.4996712689020381,0.48092004110361664
pneumoniamnist_42_archive_uniform_full_3,pneumoniamnist,42,archive_uniform_full,3,0,,1b66f1f4e51c43a34b2c1530aa793672e4043d05c69601e52d3ee16c16e0db10,d4ac570d8addae46811f0ab67e6f3890b6dbb310f2b0399a5166c00eecd65a8f,dbab670e7490711b42553ac082d482e40057e9abe466fece088cbd382937df6d,0.625,0.5691705018628096,0.38461538461538464
pneumoniamnist_42_saved_uniform_full_3,pneumoniamnist,42,saved_uniform_full,3,702083,3cb1f5aaafdeb2853b9d4fcb9c30846e6a471af7b40ae951059699aca8f2fb03,91edf98b13ba6165d43cbf69d1a99c5cbf74e39dec4c1dcb645f2cf8a0cba487,d4ac570d8addae46811f0ab67e6f3890b6dbb310f2b0399a5166c00eecd65a8f,dbab670e7490711b42553ac082d482e40057e9abe466fece088cbd382937df6d,0.625,0.5710880999342539,0.38461538461538464
pneumoniamnist_42_archive_rotated_normal_codebook_3,pneumoniamnist,42,archive_rotated_normal_codebook,3,0,,017ec13ccbf6557a063f59d3122da1f16c65d99fcefd8a2d42795d3ceb97c18d,d4ac570d8addae46811f0ab67e6f3890b6dbb310f2b0399a5166c00eecd65a8f,dbab670e7490711b42553ac082d482e40057e9abe466fece088cbd382937df6d,0.6201923076923077,0.21547227701073857,0.3827893175074184
pneumoniamnist_42_saved_rotated_normal_codebook_3,pneumoniamnist,42,saved_rotated_normal_codebook,3,703010,e7d27c76d1e08e159fadd419b126fa571c567e5c6dd52f972901c06d5cd4d317,db529a00b4a5cb6e2749157eadbf92453b0fe16716ba229de83d16b0a9167781,d4ac570d8addae46811f0ab67e6f3890b6dbb310f2b0399a5166c00eecd65a8f,dbab670e7490711b42553ac082d482e40057e9abe466fece088cbd382937df6d,0.6217948717948718,0.21537365768135,0.383399209486166
pneumoniamnist_42_archive_uniform_full_4,pneumoniamnist,42,archive_uniform_full,4,0,,74b4bd6c3d6cab536ab700c3d5ef1e312e9c2fe33d71630ff9dca1864a81534f,d4ac570d8addae46811f0ab67e6f3890b6dbb310f2b0399a5166c00eecd65a8f,dbab670e7490711b42553ac082d482e40057e9abe466fece088cbd382937df6d,0.719551282051282,0.7812130177514793,0.629989801000925
pneumoniamnist_42_saved_uniform_full_4,pneumoniamnist,42,saved_uniform_full,4,889722,e921282df196f2e30b1e051cacd3e500ffe83547710636a34956d5af58e846b3,6e45dcf0f84c05cb607cf87ee2d5e78e25764ec92ce33e0a83b07395373c19c6,d4ac570d8addae46811f0ab67e6f3890b6dbb310f2b0399a5166c00eecd65a8f,dbab670e7490711b42553ac082d482e40057e9abe466fece088cbd382937df6d,0.717948717948718,0.7798323471400395,0.627098386483403
pneumoniamnist_42_archive_rotated_uniform_4,pneumoniamnist,42,archive_rotated_uniform,4,0,,5147f7c19703091077c3d719f348364f9ba4651fac225c6c7b4f5736442099a7,d4ac570d8addae46811f0ab67e6f3890b6dbb310f2b0399a5166c00eecd65a8f,dbab670e7490711b42553ac082d482e40057e9abe466fece088cbd382937df6d,0.7115384615384616,0.7781996493534955,0.6032497350759449
pneumoniamnist_42_saved_rotated_uniform_4,pneumoniamnist,42,saved_rotated_uniform,4,889698,b4fdc99f5ac42b0d2e1d3af0b14b4d4b13fa8677f032a82e4bc3f9f264625a48,16419606fd63c8f2699471c3a9b9294d88bb39c1b8b0db97cab60734c8ccbf44,d4ac570d8addae46811f0ab67e6f3890b6dbb310f2b0399a5166c00eecd65a8f,dbab670e7490711b42553ac082d482e40057e9abe466fece088cbd382937df6d,0.7099358974358975,0.7785393381547228,0.6001232089560165
pneumoniamnist_42_archive_normal_codebook_4,pneumoniamnist,42,archive_normal_codebook,4,0,,937847eb08116161346beb35b3a1e33a130149059ff31de37b9e7a0b79ccce4d,d4ac570d8addae46811f0ab67e6f3890b6dbb310f2b0399a5166c00eecd65a8f,dbab670e7490711b42553ac082d482e40057e9abe466fece088cbd382937df6d,0.625,0.6433377164146394,0.38461538461538464
pneumoniamnist_42_saved_normal_codebook_4,pneumoniamnist,42,saved_normal_codebook,4,890666,f963e70137e779b0180738e37a8c8c833a730b3c6c2587784d5d25a46ac7f969,5e07bdbc2851f5abe04d2a518971c24b05763d21355a5bc00ec9a3a0f0900c5d,d4ac570d8addae46811f0ab67e6f3890b6dbb310f2b0399a5166c00eecd65a8f,dbab670e7490711b42553ac082d482e40057e9abe466fece088cbd382937df6d,0.625,0.6418803418803418,0.38461538461538464
pneumoniamnist_42_archive_rotated_normal_codebook_4,pneumoniamnist,42,archive_rotated_normal_codebook,4,0,,46e1e254203c33ca4b825f3b8b3994c1a1735dae719ae8df9c76bb5859a32ed0,d4ac570d8addae46811f0ab67e6f3890b6dbb310f2b0399a5166c00eecd65a8f,dbab670e7490711b42553ac082d482e40057e9abe466fece088cbd382937df6d,0.6346153846153846,0.8550624589086129,0.41190476190476194
pneumoniamnist_42_saved_rotated_normal_codebook_4,pneumoniamnist,42,saved_rotated_normal_codebook,4,890647,676ce28fc501e7c097373274f71084de7a9f62115593f3d834b7fe9318f91f47,5f990901f34dde911e97626136a67f614cbe37e02bd07fc0e88ae5c0d59f3b58,d4ac570d8addae46811f0ab67e6f3890b6dbb310f2b0399a5166c00eecd65a8f,dbab670e7490711b42553ac082d482e40057e9abe466fece088cbd382937df6d,0.6346153846153846,0.8535393381547228,0.41190476190476194
pneumoniamnist_42_folded_fp32_32,pneumoniamnist,42,folded_fp32,32,0,,f6d46cf8263498c60e92ff3f5b8f4133e6465f48c41951b5926f73d82425f305,d4ac570d8addae46811f0ab67e6f3890b6dbb310f2b0399a5166c00eecd65a8f,dbab670e7490711b42553ac082d482e40057e9abe466fece088cbd382937df6d,0.8221153846153846,0.9483234714003945,0.7829742034334845
pneumoniamnist_42_folded_uniform_2,pneumoniamnist,42,folded_uniform,2,436461,9b99745201ce620f657a49f9ce11c083596bba83c74e034b35d49f99c7117b5e,37a4a0e2f789688291dfa34b013034f91adbd2ba8d7d39a99d934dea02a847fd,d4ac570d8addae46811f0ab67e6f3890b6dbb310f2b0399a5166c00eecd65a8f,dbab670e7490711b42553ac082d482e40057e9abe466fece088cbd382937df6d,0.625,0.5,0.38461538461538464
pneumoniamnist_42_folded_uniform_3,pneumoniamnist,42,folded_uniform,3,624076,0bb5bcf9d3fe3514cfa5b1ba71d23f2f58b135a89d8d58a7feb7aea3606ed093,82ac77607b7966acac84dfe319f6648cb5fbf7bb53e2521bb5397e958715fa9a,d4ac570d8addae46811f0ab67e6f3890b6dbb310f2b0399a5166c00eecd65a8f,dbab670e7490711b42553ac082d482e40057e9abe466fece088cbd382937df6d,0.625,0.5718934911242605,0.38461538461538464
pneumoniamnist_42_folded_uniform_4,pneumoniamnist,42,folded_uniform,4,811695,30a241e59e3a3a4d4278f8879776c96ef642e728e9701c673bf922200a311918,273a8bd237a4256ee3e2b33a694df6b6617ea1b7e678a19958069f9e37ebff9c,d4ac570d8addae46811f0ab67e6f3890b6dbb310f2b0399a5166c00eecd65a8f,dbab670e7490711b42553ac082d482e40057e9abe466fece088cbd382937df6d,0.719551282051282,0.7810705676090293,0.629989801000925
pneumoniamnist_42_folded_uniform_8,pneumoniamnist,42,folded_uniform,8,1561979,94de0a2dc820badfe91c3a3333872ed7c665ca20bebe136369060685b8842268,15f5fca261e95c7a7ad19f2c254fd3d5853104e17edefe37382c5d3a5a7c4956,d4ac570d8addae46811f0ab67e6f3890b6dbb310f2b0399a5166c00eecd65a8f,dbab670e7490711b42553ac082d482e40057e9abe466fece088cbd382937df6d,0.8349358974358975,0.9540872233179926,0.8018442983064643
pneumoniamnist_42_cle_fp32_32,pneumoniamnist,42,cle_fp32,32,0,,4f0092d10280f765f46212d941726b326a03e04184ab475daf54fc8179f83067,d4ac570d8addae46811f0ab67e6f3890b6dbb310f2b0399a5166c00eecd65a8f,dbab670e7490711b42553ac082d482e40057e9abe466fece088cbd382937df6d,0.8221153846153846,0.9483234714003945,0.7829742034334845
pneumoniamnist_42_dfq_cle_bc_2,pneumoniamnist,42,dfq_cle_bc,2,436462,d24fc0ef01d6bb133aa7316dde70577a7b3786553fcd9ccaf2ac11c653499b0e,281f2623b64c95c397d000855d00d387b12f85aa2552f598ebac70f47cbb9a4f,d4ac570d8addae46811f0ab67e6f3890b6dbb310f2b0399a5166c00eecd65a8f,dbab670e7490711b42553ac082d482e40057e9abe466fece088cbd382937df6d,0.625,0.5,0.38461538461538464
pneumoniamnist_42_dfq_cle_bc_3,pneumoniamnist,42,dfq_cle_bc,3,624076,bc64ab122a9b35183d842bf4689ea706af2c61ceeb1ec289301eb066808fb12f,c27afeced4c1731498f229437cc5f61ce94d945db8e64101a429e9c081f799ee,d4ac570d8addae46811f0ab67e6f3890b6dbb310f2b0399a5166c00eecd65a8f,dbab670e7490711b42553ac082d482e40057e9abe466fece088cbd382937df6d,0.625,0.5703977646285339,0.38862463991424934
pneumoniamnist_42_dfq_cle_bc_4,pneumoniamnist,42,dfq_cle_bc,4,811695,52591ffa82664265172a335decc4836029746df51fe5fabe22ddc6812253ae9e,8145e58dea45207219d3c19efb41a76ab3ad19d638dcaf928a52a53fe71a56fa,d4ac570d8addae46811f0ab67e6f3890b6dbb310f2b0399a5166c00eecd65a8f,dbab670e7490711b42553ac082d482e40057e9abe466fece088cbd382937df6d,0.6634615384615384,0.7212360289283367,0.5063886210221794
pneumoniamnist_42_dfq_cle_bc_8,pneumoniamnist,42,dfq_cle_bc,8,1561979,fa2af926f5c5d94670761c1190b9380427c353533ccfb97625a99b269b88df0f,1b0e02ef91a85f09c5010fe6a88099e4118ca5a6c8b8055ed884a71f5653512d,d4ac570d8addae46811f0ab67e6f3890b6dbb310f2b0399a5166c00eecd65a8f,dbab670e7490711b42553ac082d482e40057e9abe466fece088cbd382937df6d,0.8365384615384616,0.955221345605961,0.8040756017976975
pneumoniamnist_456_archive_fp32_32,pneumoniamnist,456,archive_fp32,32,0,,55da3e72ab18d731d31b6871d3d53fcbe0e45216a7dbcce977477b2b74cb571b,8e787f32e17cc57bb6609fd505d535a7f2c87dcf3082e3aae17db4face4eb8c0,dbab670e7490711b42553ac082d482e40057e9abe466fece088cbd382937df6d,0.8381410256410257,0.9632916940609249,0.8062987334302496
pneumoniamnist_456_saved_fp32_32,pneumoniamnist,456,saved_fp32,32,6158199,c2eec85e63a4bb497b0ade705daa73d509b62bc7361bdd71a197a4d28cb00082,55da3e72ab18d731d31b6871d3d53fcbe0e45216a7dbcce977477b2b74cb571b,8e787f32e17cc57bb6609fd505d535a7f2c87dcf3082e3aae17db4face4eb8c0,dbab670e7490711b42553ac082d482e40057e9abe466fece088cbd382937df6d,0.8381410256410257,0.9632916940609249,0.8062987334302496
pneumoniamnist_456_archive_fp16_16,pneumoniamnist,456,archive_fp16,16,0,,0175b4e359a2e5c66d9c5d28521e193920e123ea6494aa2c7ece1851151ed1bb,8e787f32e17cc57bb6609fd505d535a7f2c87dcf3082e3aae17db4face4eb8c0,dbab670e7490711b42553ac082d482e40057e9abe466fece088cbd382937df6d,0.8381410256410257,0.9632642998027614,0.8062987334302496
pneumoniamnist_456_saved_fp16_16,pneumoniamnist,456,saved_fp16,16,3118886,0406f036b11c59411f96edbaa67b2aad35c788e40ace09c8d61348f5fb05345b,0078aae210479baccb06b658541514d9070b8f678d3a9aeff7c8942bdcf95831,8e787f32e17cc57bb6609fd505d535a7f2c87dcf3082e3aae17db4face4eb8c0,dbab670e7490711b42553ac082d482e40057e9abe466fece088cbd382937df6d,0.8381410256410257,0.9636478194170502,0.8062987334302496
pneumoniamnist_456_archive_int8_minmax_8,pneumoniamnist,456,archive_int8_minmax,8,0,,b0acfae76665356715116555473c81764bab3d8c32c6223fbe063ee757c0eea6,8e787f32e17cc57bb6609fd505d535a7f2c87dcf3082e3aae17db4face4eb8c0,dbab670e7490711b42553ac082d482e40057e9abe466fece088cbd382937df6d,0.8333333333333334,0.9646230550076703,0.8002339469309856
pneumoniamnist_456_saved_int8_minmax_8,pneumoniamnist,456,saved_int8_minmax,8,1640017,96f6021b67acb0e5af988f664a8e6289465880eb1abef164b02a50ea850e1217,4396befa24e3b58050681d4054f26dbf540067c5554eb398a8f6f7627ef2cecb,8e787f32e17cc57bb6609fd505d535a7f2c87dcf3082e3aae17db4face4eb8c0,dbab670e7490711b42553ac082d482e40057e9abe466fece088cbd382937df6d,0.8333333333333334,0.9650065746219592,0.8002339469309856
pneumoniamnist_456_archive_uniform_full_2,pneumoniamnist,456,archive_uniform_full,2,0,,10b598f43856c2ef8f6462113ecebdf303485e75743677c4c25e6606abb34453,8e787f32e17cc57bb6609fd505d535a7f2c87dcf3082e3aae17db4face4eb8c0,dbab670e7490711b42553ac082d482e40057e9abe466fece088cbd382937df6d,0.625,0.5,0.38461538461538464
pneumoniamnist_456_saved_uniform_full_2,pneumoniamnist,456,saved_uniform_full,2,514448,82af5c1552c696c6de353a59397d70d5e4c3231195cd3f8a5d2efe3e6c08568a,4c0d4ad31825044279c51a196629c9b188461d7ea0014e6eae79b0fca52407ef,8e787f32e17cc57bb6609fd505d535a7f2c87dcf3082e3aae17db4face4eb8c0,dbab670e7490711b42553ac082d482e40057e9abe466fece088cbd382937df6d,0.625,0.5,0.38461538461538464
pneumoniamnist_456_archive_rotated_normal_codebook_2,pneumoniamnist,456,archive_rotated_normal_codebook,2,0,,b03905f15f2afd5d3bbc3d961280c420a813003276641b0dd8a01a0964ff2d60,8e787f32e17cc57bb6609fd505d535a7f2c87dcf3082e3aae17db4face4eb8c0,dbab670e7490711b42553ac082d482e40057e9abe466fece088cbd382937df6d,0.657051282051282,0.7224742493973264,0.653405315614618
pneumoniamnist_456_saved_rotated_normal_codebook_2,pneumoniamnist,456,saved_rotated_normal_codebook,2,515376,4100ed6f7db4ece6ecf66bf412c3d102e4d1d67d592407606c10789b85d6d699,4f413608474b4fd183359fe332e6974489479cc628c328330756ff7ada19eaec,8e787f32e17cc57bb6609fd505d535a7f2c87dcf3082e3aae17db4face4eb8c0,dbab670e7490711b42553ac082d482e40057e9abe466fece088cbd382937df6d,0.6474358974358975,0.7223098838483455,0.6449704142011834
pneumoniamnist_456_archive_uniform_full_3,pneumoniamnist,456,archive_uniform_full,3,0,,1cf68fcef32271101991cd781d50081cfaaebe859b1f58947a4f8a598e001b05,8e787f32e17cc57bb6609fd505d535a7f2c87dcf3082e3aae17db4face4eb8c0,dbab670e7490711b42553ac082d482e40057e9abe466fece088cbd382937df6d,0.625,0.4747589305281613,0.38862463991424934
pneumoniamnist_456_saved_uniform_full_3,pneumoniamnist,456,saved_uniform_full,3,702083,c624afcb17d4da65f389f0c07eac08bede2ea0b7647a02a6d3abf8089c3ff7f2,90ff6f067141ee11ed51d3d79e6a7888ea91344e88548713e3e43ce524fe8b42,8e787f32e17cc57bb6609fd505d535a7f2c87dcf3082e3aae17db4face4eb8c0,dbab670e7490711b42553ac082d482e40057e9abe466fece088cbd382937df6d,0.625,0.4730440499671269,0.38862463991424934
pneumoniamnist_456_archive_rotated_normal_codebook_3,pneumoniamnist,456,archive_rotated_normal_codebook,3,0,,89ca776737eeba28d645fb7b98546e35a1386c31f99a8ea2a0173bf6d620e02f,8e787f32e17cc57bb6609fd505d535a7f2c87dcf3082e3aae17db4face4eb8c0,dbab670e7490711b42553ac082d482e40057e9abe466fece088cbd382937df6d,0.625,0.3420337497260574,0.38461538461538464
pneumoniamnist_456_saved_rotated_normal_codebook_3,pneumoniamnist,456,saved_rotated_normal_codebook,3,703010,58914fb838b973bf800ee69b3559f6ec4458a720882ea85e9ca0a1b34f55aac6,3acad896b9da02f00e4242e11c2ce942607ea6db0f96ad5c165224ab0b1ef36b,8e787f32e17cc57bb6609fd505d535a7f2c87dcf3082e3aae17db4face4eb8c0,dbab670e7490711b42553ac082d482e40057e9abe466fece088cbd382937df6d,0.625,0.34220359412667106,0.38461538461538464
pneumoniamnist_456_archive_uniform_full_4,pneumoniamnist,456,archive_uniform_full,4,0,,9616fdb9f234d79fc684ed15508ced1d13895cda96ddf103515fd33cb1cc6f7c,8e787f32e17cc57bb6609fd505d535a7f2c87dcf3082e3aae17db4face4eb8c0,dbab670e7490711b42553ac082d482e40057e9abe466fece088cbd382937df6d,0.655448717948718,0.6578073635765943,0.4701735679165926
pneumoniamnist_456_saved_uniform_full_4,pneumoniamnist,456,saved_uniform_full,4,889722,d25e85d0631f38b2c612b45475771f75b4d3e3871a13c166549932970cae285b,9c78e478c57b8ce93274aeface64c84442f49908b02f68f453afb827f8c5ac08,8e787f32e17cc57bb6609fd505d535a7f2c87dcf3082e3aae17db4face4eb8c0,dbab670e7490711b42553ac082d482e40057e9abe466fece088cbd382937df6d,0.6538461538461539,0.6561582292351523,0.4661512381374864
pneumoniamnist_456_archive_rotated_uniform_4,pneumoniamnist,456,archive_rotated_uniform,4,0,,501545f96687a84215e90701c8e3ae0a96718961b2c5273d1666d20fda0fd5fc,8e787f32e17cc57bb6609fd505d535a7f2c87dcf3082e3aae17db4face4eb8c0,dbab670e7490711b42553ac082d482e40057e9abe466fece088cbd382937df6d,0.7467948717948718,0.8754602235371466,0.6623931623931625
pneumoniamnist_456_saved_rotated_uniform_4,pneumoniamnist,456,saved_rotated_uniform,4,889698,46bdaf26da90844e586f1986bb5de5e45ad723d16b7f0ec63f86223768a09af2,abbd342eb0c6cbe8a07a9fa02419b1e138d5161b8f1d07a727ef15527966a096,8e787f32e17cc57bb6609fd505d535a7f2c87dcf3082e3aae17db4face4eb8c0,dbab670e7490711b42553ac082d482e40057e9abe466fece088cbd382937df6d,0.7483974358974359,0.8769723865877712,0.6652440587039347
pneumoniamnist_456_archive_normal_codebook_4,pneumoniamnist,456,archive_normal_codebook,4,0,,5e6d91ea638ad85f6f9fc7860ce6793104b0f6ecec03d50a535aeaf968e246d6,8e787f32e17cc57bb6609fd505d535a7f2c87dcf3082e3aae17db4face4eb8c0,dbab670e7490711b42553ac082d482e40057e9abe466fece088cbd382937df6d,0.625,0.8349441157133464,0.38461538461538464
pneumoniamnist_456_saved_normal_codebook_4,pneumoniamnist,456,saved_normal_codebook,4,890666,a7685cdafe00774f8e2acc50c5992d1c9c971c8f2f9a0c223e6e46a0bcc349f2,5757cb44bc8b5f44821f237deada034a857af6f9c162c2d343cd4583fd8440f6,8e787f32e17cc57bb6609fd505d535a7f2c87dcf3082e3aae17db4face4eb8c0,dbab670e7490711b42553ac082d482e40057e9abe466fece088cbd382937df6d,0.625,0.8357056760902914,0.38461538461538464
pneumoniamnist_456_archive_rotated_normal_codebook_4,pneumoniamnist,456,archive_rotated_normal_codebook,4,0,,151c3049556c761baa96b4a018776dc86d042cc9f528bd86843e33dc2a21afa8,8e787f32e17cc57bb6609fd505d535a7f2c87dcf3082e3aae17db4face4eb8c0,dbab670e7490711b42553ac082d482e40057e9abe466fece088cbd382937df6d,0.625,0.885985097523559,0.38461538461538464
pneumoniamnist_456_saved_rotated_normal_codebook_4,pneumoniamnist,456,saved_rotated_normal_codebook,4,890647,7a9b8e8b65cb0943a32f92d61a1cdef6e942872daf883147ff6c0e92a5267111,478477fc6a0a68953feb58733dd1e41dc1152445ee06eebd609ca15508932e48,8e787f32e17cc57bb6609fd505d535a7f2c87dcf3082e3aae17db4face4eb8c0,dbab670e7490711b42553ac082d482e40057e9abe466fece088cbd382937df6d,0.625,0.8864069690992769,0.38461538461538464
pneumoniamnist_456_folded_fp32_32,pneumoniamnist,456,folded_fp32,32,0,,9529e076a82f3b3042f69f097c69c3edabb126d5059ea8952db1ce8bde71e078,8e787f32e17cc57bb6609fd505d535a7f2c87dcf3082e3aae17db4face4eb8c0,dbab670e7490711b42553ac082d482e40057e9abe466fece088cbd382937df6d,0.8381410256410257,0.9632916940609249,0.8062987334302496
pneumoniamnist_456_folded_uniform_2,pneumoniamnist,456,folded_uniform,2,436461,8ea55dbd8658c846ccf6b34555aaad5cd01ecabc5b941d14abd22ac99988b14c,4c09fc9917ddbd57360a39a999db223e7ce9632e5f994edfe43225c75c685bd8,8e787f32e17cc57bb6609fd505d535a7f2c87dcf3082e3aae17db4face4eb8c0,dbab670e7490711b42553ac082d482e40057e9abe466fece088cbd382937df6d,0.625,0.5,0.38461538461538464
pneumoniamnist_456_folded_uniform_3,pneumoniamnist,456,folded_uniform,3,624076,a2e526102b7c81a1c41aac3882968fff585ef9597896fb3073f60d035ef6fc52,17eed82a21aba5a6154e63ac3a48970d965625fdc74345499e4c53e89bb159ac,8e787f32e17cc57bb6609fd505d535a7f2c87dcf3082e3aae17db4face4eb8c0,dbab670e7490711b42553ac082d482e40057e9abe466fece088cbd382937df6d,0.625,0.48106508875739645,0.38862463991424934
pneumoniamnist_456_folded_uniform_4,pneumoniamnist,456,folded_uniform,4,811695,36b2bd7523beefbc39a8d8641a9666579feefbcdbcdffbb1070c46830947bb2d,7f97bad0dfc87c8612f218f46f44f32a61a0d40e3298474e5e49868167b6dc34,8e787f32e17cc57bb6609fd505d535a7f2c87dcf3082e3aae17db4face4eb8c0,dbab670e7490711b42553ac082d482e40057e9abe466fece088cbd382937df6d,0.657051282051282,0.6574950690335305,0.47416834677419356
pneumoniamnist_456_folded_uniform_8,pneumoniamnist,456,folded_uniform,8,1561979,51324fa75cb1cfe629072e14203b26d5f5091c2c76de77530b8eedfee8c0e27b,2b2dd63734160897a6761733df670a3d62e05fd947b09eaf960c2a7a9ca0fa7b,8e787f32e17cc57bb6609fd505d535a7f2c87dcf3082e3aae17db4face4eb8c0,dbab670e7490711b42553ac082d482e40057e9abe466fece088cbd382937df6d,0.8333333333333334,0.9644203374972605,0.799604743083004
pneumoniamnist_456_cle_fp32_32,pneumoniamnist,456,cle_fp32,32,0,,a828d1548d1efd81c125d0ebab5ee5a41650745359fa588f407e36d66deeca28,8e787f32e17cc57bb6609fd505d535a7f2c87dcf3082e3aae17db4face4eb8c0,dbab670e7490711b42553ac082d482e40057e9abe466fece088cbd382937df6d,0.8381410256410257,0.9632971729125576,0.8062987334302496
pneumoniamnist_456_dfq_cle_bc_2,pneumoniamnist,456,dfq_cle_bc,2,436462,70fa81f1526d7ba49f9549b686c015938114c20fee15aa25a23bb893d4155932,69d130edb42243bdab535bcef5e7b7029052ad67052f6c2bba14e7addaabfa2c,8e787f32e17cc57bb6609fd505d535a7f2c87dcf3082e3aae17db4face4eb8c0,dbab670e7490711b42553ac082d482e40057e9abe466fece088cbd382937df6d,0.625,0.5,0.38461538461538464
pneumoniamnist_456_dfq_cle_bc_3,pneumoniamnist,456,dfq_cle_bc,3,624076,197a55103a6a67aa6fdf8acd23cae6b14e7cc224596e4ae1fe31947ed4c2abf3,ea389ecd117b09ab16582eb05f9bce849ae77c6faf0adb95dd80650b7e01f4c6,8e787f32e17cc57bb6609fd505d535a7f2c87dcf3082e3aae17db4face4eb8c0,dbab670e7490711b42553ac082d482e40057e9abe466fece088cbd382937df6d,0.6233974358974359,0.510749506903353,0.3879978464736005
pneumoniamnist_456_dfq_cle_bc_4,pneumoniamnist,456,dfq_cle_bc,4,811695,d9a5050cc202712ee9b9717ed099e7f9fb58f598b06935baa8f15fa6934b73cd,32e7c39b20cc68a2e562ed85e2182ced559592d2eec8671768e56be20abf15a2,8e787f32e17cc57bb6609fd505d535a7f2c87dcf3082e3aae17db4face4eb8c0,dbab670e7490711b42553ac082d482e40057e9abe466fece088cbd382937df6d,0.6762820512820513,0.6581689677843524,0.520073103868413
pneumoniamnist_456_dfq_cle_bc_8,pneumoniamnist,456,dfq_cle_bc,8,1561979,630ad6f80ff7e077d63a9dd68dbe1648aba1bad17ef493e47d00ebcf9c0706a8,b4c4ece985ea98c1a92c6cb9e5d0b3ef62807b63abe8b0e55da2df50b33c3631,8e787f32e17cc57bb6609fd505d535a7f2c87dcf3082e3aae17db4face4eb8c0,dbab670e7490711b42553ac082d482e40057e9abe466fece088cbd382937df6d,0.8349358974358975,0.9651818978742056,0.8018442983064643
